Source,Text,Date,Compound,Positive,Neutral,Negative
@BBCWorld,RT @ksjslawyer: report about this you cowards #WeWantJusticeForBangladesh #WeWantJustice #helpbangladeshistudents @CNN @cnnbrk @UNICEF @NBC‚Ä¶,Sun Aug 05 03:34:56 +0000 2018,0.0,0.0,1.0,0.0
@BBCWorld,RT @UNeverArmyAlone: @ilsansqueen @ABC @BBC @CBNoficial @Reuters @BBCWorld @BBC @BBCNews @BBCBreaking @cnnbrk @CNN @cnni @CNNPR @AlJazeera‚Ä¶,Sun Aug 05 03:34:52 +0000 2018,0.0,0.0,1.0,0.0
@BBCWorld,RT @MirzaFariha1: @BBCWorld #BBC #CNN #AlJazeera #StopRoadAccidents #SafeRoadsForAll #WeWantJustice #BBC #CNN #SkyNews #CCBM #AlJazeera #Te‚Ä¶,Sun Aug 05 03:34:51 +0000 2018,0.0,0.0,1.0,0.0
@BBCWorld,"RT @BBCWorld: Bangladesh #RoadSafety protests bring Dhaka to standstill

https://t.co/aCugXlnBu2 #WeWantJustice https://t.co/OgdBNZhJ03",Sun Aug 05 03:34:48 +0000 2018,-0.2263,0.0,0.853,0.147
@BBCWorld,Plz help @BBCBreaking @BBCWorld @timesofindia @ndtv üôè spread this newsüôè https://t.co/U9kBH41h0r,Sun Aug 05 03:34:47 +0000 2018,0.4588,0.333,0.667,0.0
@BBCWorld,RT @youngqueentxt: #WeDemandJustice @CNN @cnnbrk @UNICEF @NBCNews @BBCBreaking @BBCWorld @BBC @BuzzFeedNews @BuzzFeed @FoxNews @nytimes @AB‚Ä¶,Sun Aug 05 03:34:45 +0000 2018,0.0,0.0,1.0,0.0
@BBCWorld,RT @MalihaHaider3: #WeWantJustice Please help us. We are very helpless our isn't doing anything please please help us. Many girls are being‚Ä¶,Sun Aug 05 03:34:45 +0000 2018,0.1238,0.249,0.518,0.233
@BBCWorld,RT @kookminvasion: Everyone needs to know what the situation is in Bangladesh. An anon sent me this. The government and the media has been‚Ä¶,Sun Aug 05 03:34:43 +0000 2018,0.0,0.0,1.0,0.0
@BBCWorld,RT @BBCWorld: Bangladesh students attacked during Dhaka protest https://t.co/DvDx9pqqud,Sun Aug 05 03:34:43 +0000 2018,-0.6124,0.0,0.583,0.417
@BBCWorld,"RT @caRMelmochiTae: Please ARMYs help us spread this,Students are dying on the streets,our govt. is killing us..plz RT this and tag all the‚Ä¶",Sun Aug 05 03:34:40 +0000 2018,-0.1027,0.17,0.68,0.15
@BBCWorld,RT @BBCWorld: Bangladesh students attacked during Dhaka protest https://t.co/DvDx9pqqud,Sun Aug 05 03:34:38 +0000 2018,-0.6124,0.0,0.583,0.417
@BBCWorld,RT @BBCWorld: Bangladesh students attacked during Dhaka protest https://t.co/DvDx9pqqud,Sun Aug 05 03:34:37 +0000 2018,-0.6124,0.0,0.583,0.417
@BBCWorld,"RT @NazifaAnzum5: They are killing Students Brutally 
@BBCWorld @CNN @AlJazeera @FoxNews  
Save them üôèüèª ! Help them 
#WorldNews #bangladesh‚Ä¶",Sun Aug 05 03:34:35 +0000 2018,-0.5848,0.206,0.49,0.304
@BBCWorld,RT @BBCWorld: Bangladesh students attacked during Dhaka protest https://t.co/DvDx9pqqud,Sun Aug 05 03:34:34 +0000 2018,-0.6124,0.0,0.583,0.417
@BBCWorld,RT @Bluerubine: @BBCWorld @BBCBreaking @SZ_Intl @SZ_Bayern @dwnews @CNN @UNICEF @UN #WeWantJustice #WeDemandJustice #WeWantJusticeForBangla‚Ä¶,Sun Aug 05 03:34:34 +0000 2018,0.0,0.0,1.0,0.0
@BBCWorld,RT @BTSmotivator: I just came here on twt &amp; saw the tags about the brutal happenings in Bangladesh. The world has to wake up &amp; take an acti‚Ä¶,Sun Aug 05 03:34:33 +0000 2018,-0.6249,0.0,0.864,0.136
@BBCWorld,RT @BBCWorld: Bangladesh students attacked during Dhaka protest https://t.co/DvDx9pqqud,Sun Aug 05 03:34:32 +0000 2018,-0.6124,0.0,0.583,0.417
@BBCWorld,RT @MicheBangtan: A government is supposed to protect its people and listen to them. Not silence them. Please report this news internationa‚Ä¶,Sun Aug 05 03:34:31 +0000 2018,0.5994,0.205,0.795,0.0
@BBCWorld,@svtnotes @CNN @cnnbrk @UNICEF @unicefbrasil @UNICEFUSA  @UNICEF_uk @NBCNews @BBCBreaking @BBCWorld @BBC‚Ä¶ https://t.co/zsb2c9tq5M,Sun Aug 05 03:34:31 +0000 2018,0.0,0.0,1.0,0.0
@BBCWorld,RT @Cubic_Boys: #WeDemandJustice ‡∏ä‡πà‡∏ß‡∏¢‡∏Å‡∏±‡∏ô‡πÜ‡πÜ‡πÜ‡πÜ‡πÜ‡πÜ‡πÜ üôèüôèüôèüôèüôèüôèüôèüôè @BBCWorld,Sun Aug 05 03:34:30 +0000 2018,0.0,0.0,1.0,0.0
@BBCWorld,"RT @caRMelmochiTae: Please ARMYs help us spread this,Students are dying on the streets,our govt. is killing us..plz RT this and tag all the‚Ä¶",Sun Aug 05 03:34:29 +0000 2018,-0.1027,0.17,0.68,0.15
@BBCWorld,RT @jungooteas: Let's help them fam ! Tag @CNN @BBCWorld as much as u can . We won't let all of those Bangladeshi students die without a ju‚Ä¶,Sun Aug 05 03:34:28 +0000 2018,-0.3595,0.093,0.761,0.145
@BBCWorld,@CNN @cnnbrk @UNICEF @unicefbrasil @UNICEFUSA  @UNICEF_uk @NBCNews @BBCBreaking @BBCWorld @BBC @BuzzFeedNews‚Ä¶ https://t.co/LlkLJd0sWN,Sun Aug 05 03:34:28 +0000 2018,0.0,0.0,1.0,0.0
@BBCWorld,"RT @SugaAroni27: THE WORLD NEEDS TO KNOW
OUR MEDIA ISN'T COVERING ANYTHING RATHER THEY R SAYING NOTHING IS TRULY HAPPENING.
#bangladeshstud‚Ä¶",Sun Aug 05 03:34:26 +0000 2018,0.5622,0.161,0.839,0.0
@BBCWorld,"RT @caRMelmochiTae: Please ARMYs help us spread this,Students are dying on the streets,our govt. is killing us..plz RT this and tag all the‚Ä¶",Sun Aug 05 03:34:26 +0000 2018,-0.1027,0.17,0.68,0.15
@BBCWorld,RT @BBCWorld: Bangladesh students attacked during Dhaka protest https://t.co/DvDx9pqqud,Sun Aug 05 03:34:25 +0000 2018,-0.6124,0.0,0.583,0.417
@BBCWorld,RT @BBCWorld: Bangladesh students attacked during Dhaka protest https://t.co/DvDx9pqqud,Sun Aug 05 03:34:25 +0000 2018,-0.6124,0.0,0.583,0.417
@BBCWorld,"RT @BBCWorld: Bangladesh #RoadSafety protests bring Dhaka to standstill

https://t.co/aCugXlnBu2 #WeWantJustice https://t.co/OgdBNZhJ03",Sun Aug 05 03:34:24 +0000 2018,-0.2263,0.0,0.853,0.147
@BBCWorld,RT @middayminyoongi: The potential for increased news outlets to cover the situation in Bangladesh rises if #WeWantJustice starts trending‚Ä¶,Sun Aug 05 03:34:23 +0000 2018,0.2732,0.104,0.896,0.0
@BBCWorld,@CNN @cnnbrk @UNICEF @NBCNews @BBCBreaking @BBCWorld @BBC @BuzzFeedNews @BuzzFeed @FoxNews @nytimes @ABC‚Ä¶ https://t.co/jz6SqEwNOY,Sun Aug 05 03:34:23 +0000 2018,0.0,0.0,1.0,0.0
@BBCWorld,RT @BBCWorld: Hidden WW2 √âire sign revealed after gorse fire https://t.co/BwN2xSp8CZ,Sun Aug 05 03:34:21 +0000 2018,-0.34,0.0,0.806,0.194
@BBCWorld,RT @MayamiTasnia: The govt have started a bloodbath to silence the voice of the youth of Bangladesh. Internet has been slowed down and loca‚Ä¶,Sun Aug 05 03:34:20 +0000 2018,0.0,0.0,1.0,0.0
@BBCWorld,RT @MicheBangtan: A government is supposed to protect its people and listen to them. Not silence them. Please report this news internationa‚Ä¶,Sun Aug 05 03:34:18 +0000 2018,0.5994,0.205,0.795,0.0
@BBCWorld,RT @larrxsun: @CNN @cnnbrk @UNICEF @unicefbrasil @UNICEFUSA  @UNICEF_uk @NBCNews @BBCBreaking @BBCWorld @BBC @BuzzFeedNews @BuzzFeed @FoxNe‚Ä¶,Sun Aug 05 03:34:14 +0000 2018,0.0,0.0,1.0,0.0
@BBCWorld,"#ÿ¥ÿßÿπÿ±ŸÉ_ÿßŸÑŸÖŸÅÿ∂ŸÑ
#WeDemandJustice
#EndViolence
@UNICEF @UNICEFUSA @unicefbrasil
@CNN @cnnbrk @UNICEF @unicefbrasil‚Ä¶ https://t.co/O0qQg6MCGo",Sun Aug 05 03:34:13 +0000 2018,0.0,0.0,1.0,0.0
@BBCWorld,"‡∏Ç‡∏ô‡∏≤‡∏î‡∏ô‡∏µ‡πâ‡πÄ‡πÄ‡∏•‡πâ‡∏ß‡πÄ‡∏£‡∏≤‡∏ï‡πâ‡∏≠‡∏á‡∏ä‡πà‡∏ß‡∏¢‡∏Å‡∏±‡∏ô‡πÄ‡∏ñ‡∏≠‡∏∞. ‡∏ä‡πà‡∏ß‡∏¢‡πÄ‡∏û‡∏∑‡πà‡∏≠‡∏ô‡∏°‡∏ô‡∏∏‡∏©‡∏¢‡πå‡∏Ç‡∏≠‡∏á‡πÄ‡∏£‡∏≤ 
#WeDemandJustice
@CNN 
@BBC 
@UNICEF 
@BBCWorld https://t.co/BM1iZmPSyR",Sun Aug 05 03:34:13 +0000 2018,0.0,0.0,1.0,0.0
@BBCWorld,RT @BBCWorld: Bangladesh students attacked during Dhaka protest https://t.co/DvDx9pqqud,Sun Aug 05 03:34:12 +0000 2018,-0.6124,0.0,0.583,0.417
@BBCWorld,"@BBCWorld Went on religious grounds to fight, but when it gets a bit lively they suddenly want to come ‚Äòhome‚Äô tough you made your bed.",Sun Aug 05 03:34:12 +0000 2018,0.4118,0.184,0.693,0.123
@BBCWorld,@BBCWorld @BBCBreaking @SZ_Intl @SZ_Bayern @dwnews @CNN @UNICEF @UN #WeWantJustice #WeDemandJustice‚Ä¶ https://t.co/xm6iOBZkJ9,Sun Aug 05 03:34:11 +0000 2018,0.0,0.0,1.0,0.0
@BBCWorld,RT @HGNAzul: @parkhaengjin @CNN @cnnbrk @UNICEF @unicefbrasil @UNICEFUSA  @UNICEF_uk @NBCNews @BBCBreaking @BBCWorld @BBC @BuzzFeedNews @Bu‚Ä¶,Sun Aug 05 03:34:10 +0000 2018,0.0,0.0,1.0,0.0
@BBCWorld,"RT @Toni_AndoliniHN: Aca estan los verdaderos violentos en manifestaciones pacificas de Honduras
@teleSURtv @ActualidadRT @Hispantv @lajorn‚Ä¶",Sun Aug 05 03:34:08 +0000 2018,0.0,0.0,1.0,0.0
@BBCWorld,RT @jinkiart: @parkhaengjin @CNN @cnnbrk @UNICEF @unicefbrasil @UNICEFUSA  @UNICEF_uk @NBCNews @BBCBreaking @BBCWorld @BBC @g1 @g1mundo  @F‚Ä¶,Sun Aug 05 03:34:08 +0000 2018,0.0,0.0,1.0,0.0
@BBCWorld,RT @Namtan_GNK: ‡πÑ‡∏î‡πâ‡πÇ‡∏õ‡∏£‡∏î‡πÄ‡∏ñ‡∏≠‡∏∞‡∏≠‡∏≤‡∏£‡πå‡∏°‡∏µ‡πà‡∏ä‡πà‡∏ß‡∏¢‡∏û‡∏ß‡∏Å‡πÄ‡∏£‡∏≤‡∏Å‡∏£‡∏∞‡∏à‡∏≤‡∏¢‡∏Ç‡πà‡∏≤‡∏ß‡∏ô‡∏µ‡πâ ‡∏ô‡∏£.‡∏Å‡∏•‡∏∏‡πà‡∏°‡∏ô‡∏µ‡πâ‡∏Å‡∏≥‡∏•‡∏±‡∏á‡∏à‡∏∞‡∏ï‡∏≤‡∏¢‡∏Å‡∏±‡∏ô‡∏´‡∏°‡∏î‡∏à‡∏≤‡∏Å‡πÄ‡∏´‡∏ï‡∏∏‡∏Å‡∏≤‡∏£‡∏ì‡πå‡∏ô‡∏µ‡πâ ‡πÑ‡∏î‡πâ‡πÇ‡∏õ‡∏£‡∏î‡∏ä‡πà‡∏ß‡∏¢‡∏Å‡∏±‡∏ô‡∏£‡∏µ‡∏ó‡∏ß‡∏¥‡∏ï(‡∏ó‡∏ß‡∏¥‡∏ï‡∏î‡πâ‡∏≤‡∏ô‡∏ö‡∏ô‡∏™‡∏∏‡∏î)‡πÅ‡∏•‡∏∞‚Ä¶,Sun Aug 05 03:34:08 +0000 2018,0.0,0.0,1.0,0.0
@BBCWorld,"RT @dailyunnie: #WeWantJustice 

TRIGGER WARNING

Graphic content warning 
@CNN @BBCWorld https://t.co/4AQdNXwBYD",Sun Aug 05 03:34:03 +0000 2018,-0.6739,0.0,0.619,0.381
@BBCWorld,RT @xflowersnarry: @parkhaengjin @CNN @cnnbrk @UNICEF @unicefbrasil @UNICEFUSA  @UNICEF_uk @NBCNews @BBCBreaking @BBCWorld @BBC @BuzzFeedNe‚Ä¶,Sun Aug 05 03:34:01 +0000 2018,0.0,0.0,1.0,0.0
@BBCWorld,@DKMaraga @RailaOdinga @UKenyatta @Ken_Lusaka @SpeakerJBMuturi @MusaliaMudavadi @skmusyoka @Wetangulam @WhiteHouse‚Ä¶ https://t.co/OKZKRFG07w,Sun Aug 05 03:34:01 +0000 2018,0.0,0.0,1.0,0.0
@BBCWorld,RT @mermaidteears: @parkhaengjin @CNN @cnnbrk @UNICEF @unicefbrasil @UNICEFUSA  @UNICEF_uk @NBCNews @BBCBreaking @BBCWorld @BBC @BuzzFeedNe‚Ä¶,Sun Aug 05 03:34:00 +0000 2018,0.0,0.0,1.0,0.0
@BBCWorld,RT @jaeelou7: @parkhaengjin #WeWantJustice  @cnni @cnnbrk @BBCWorld @BBC @AlJazeera @ABC @HuffPost @UNICEF @hrw @BBCBreaking @NBCNews @NBCN‚Ä¶,Sun Aug 05 03:33:58 +0000 2018,0.0,0.0,1.0,0.0
@BBCWorld,"RT @_Joons_: ARMY WE CAN GET THIS TO TREND!! Ik we Can 

#WeDemandJustice
#TheyDeserveJustice 

@CNN @BBCWorld @nowthisnews @BuzzFeedNews @‚Ä¶",Sun Aug 05 03:33:55 +0000 2018,0.0,0.0,1.0,0.0
@BBCWorld,RT @chiwllax: @parkhaengjin @CNN @cnnbrk @UNICEF @unicefbrasil @UNICEFUSA  @UNICEF_uk @NBCNews @BBCBreaking @BBCWorld @BBC @g1 @g1mundo  @F‚Ä¶,Sun Aug 05 03:33:54 +0000 2018,0.0,0.0,1.0,0.0
@BBCWorld,"@TasnimJerry @LisaJG123 @CNN @BBCWorld @AlJazeera This is really disgusting! üò° 

#WeWantJustice #WeWantSafeRoad‚Ä¶ https://t.co/WhcLRCKTmh",Sun Aug 05 03:33:54 +0000 2018,-0.6105,0.0,0.734,0.266
@BBCWorld,"RT @LYWHATLY: WE NEED YOUR HELP. PLEASE HELP US TO LET THE WORLD KNOW WHAT IS GOING ON IN. 
AND WE ARE BADLY IN NEED OF INTERNATIONAL SUPPO‚Ä¶",Sun Aug 05 03:33:53 +0000 2018,0.5574,0.221,0.69,0.089
@BBCWorld,RT @taimarcansoni2: @parkhaengjin @CNN @BBCWorld @NPR @NewsHour @politico @AP  @ReutersWorld @NBCNews @BBCBreaking @RedeGlobo @sbtjornalism‚Ä¶,Sun Aug 05 03:33:53 +0000 2018,0.0,0.0,1.0,0.0
@BBCWorld,RT @boymeetsxevil: @CNN @cnnbrk @UNICEF @unicefbrasil @UNICEFUSA  @UNICEF_uk @NBCNews @BBCBreaking @BBCWorld @BBC @BuzzFeedNews @BuzzFeed @‚Ä¶,Sun Aug 05 03:33:53 +0000 2018,0.0,0.0,1.0,0.0
@BBCWorld,RT @BBCWorld: Bangladesh students attacked during Dhaka protest https://t.co/DvDx9pqqud,Sun Aug 05 03:33:53 +0000 2018,-0.6124,0.0,0.583,0.417
@BBCWorld,RT @PrinMahnoor: @parkhaengjin @CNN @BBCWorld @NPR @NewsHour @politico @AP  @ReutersWorld @NBCNews @BBCBreaking @RedeGlobo @sbtjornalismo @‚Ä¶,Sun Aug 05 03:33:51 +0000 2018,0.0,0.0,1.0,0.0
@BBCWorld,"RT @indigoostrich67: HELP US, PLEASE. #WeWantJustice @CNN @BBCWorld @NPR @NewsHour @politico @AlJazeera @ReutersWorld @AP",Sun Aug 05 03:33:50 +0000 2018,0.7555,0.35,0.65,0.0
@BBCWorld,RT @MayamiTasnia: The govt have started a bloodbath to silence the voice of the youth of Bangladesh. Internet has been slowed down and loca‚Ä¶,Sun Aug 05 03:33:50 +0000 2018,0.0,0.0,1.0,0.0
@BBCWorld,RT @_zirth: @parkhaengjin @CNN @BBCWorld @NPR @NewsHour @politico @AP  @ReutersWorld @NBCNews @BBCBreaking @RedeGlobo @sbtjornalismo @g1 @A‚Ä¶,Sun Aug 05 03:33:49 +0000 2018,0.0,0.0,1.0,0.0
@BBCWorld,RT @Mey1666: @parkhaengjin @yeollietrack @CNN @BBCWorld @NPR @NewsHour @politico @AP  @ReutersWorld @NBCNews @BBCBreaking @RedeGlobo @sbtjo‚Ä¶,Sun Aug 05 03:33:47 +0000 2018,0.0,0.0,1.0,0.0
@BBCWorld,"RT @ManitasDeMochi: #WeWantJustice
@BBCWorld
Ellos solo quieren mejorar su pa√≠s, no es posible que su propio cuerpo de seguridad y gobierno‚Ä¶",Sun Aug 05 03:33:47 +0000 2018,-0.296,0.0,0.896,0.104
@BBCWorld,"RT @TheOnionBTS: When governments fail their constituents, it is up to the people to speak up.

When the people are silenced, the responsib‚Ä¶",Sun Aug 05 03:33:46 +0000 2018,-0.5423,0.0,0.863,0.137
@BBCWorld,RT @jungooteas: Let's help them fam ! Tag @CNN @BBCWorld as much as u can . We won't let all of those Bangladeshi students die without a ju‚Ä¶,Sun Aug 05 03:33:46 +0000 2018,-0.3595,0.093,0.761,0.145
@BBCWorld,"RT @JHSKSEOKJ: @CNN @cnnbrk @UNICEF @NBCNews @BBCBreaking @BBCWorld @BBC @BuzzFeedNews @BuzzFeed @FoxNews @nytimes @ABC 

 #WeWantJustice",Sun Aug 05 03:33:44 +0000 2018,0.0,0.0,1.0,0.0
@BBCWorld,RT @loucurlyinlove: @parkhaengjin @CNN @cnnbrk @UNICEF @unicefbrasil @UNICEFUSA  @UNICEF_uk @NBCNews @BBCBreaking @BBCWorld @BBC @BuzzFeedN‚Ä¶,Sun Aug 05 03:33:44 +0000 2018,0.0,0.0,1.0,0.0
@BBCWorld,RT @haeaction: @parkhaengjin @CNN @BBCWorld @NPR @NewsHour @politico @AP  @ReutersWorld @NBCNews @BBCBreaking @RedeGlobo @sbtjornalismo @g1‚Ä¶,Sun Aug 05 03:33:41 +0000 2018,0.0,0.0,1.0,0.0
@BBCWorld,RT @BBCWorld: Bangladesh students attacked during Dhaka protest https://t.co/DvDx9pqqud,Sun Aug 05 03:33:40 +0000 2018,-0.6124,0.0,0.583,0.417
@BBCWorld,RT @BBCWorld: Bangladesh students attacked during Dhaka protest https://t.co/DvDx9pqqud,Sun Aug 05 03:33:39 +0000 2018,-0.6124,0.0,0.583,0.417
@BBCWorld,RT @kmults: @kthartic @jdbftbts @CNN @cnnbrk @UNICEF @NBCNews @BBCBreaking @BBCWorld @BBC @BuzzFeedNews @BuzzFeed @FoxNews @nytimes @ABC‚Ä¶,Sun Aug 05 03:33:39 +0000 2018,0.0,0.0,1.0,0.0
@BBCWorld,RT @SkShohorab: It was a peaceful protest but now situation is worsening. Our Govt. is trying to hide their illegal attack on innocent stud‚Ä¶,Sun Aug 05 03:33:38 +0000 2018,-0.9081,0.138,0.423,0.439
@BBCWorld,RT @fritandonosol: @parkhaengjin @CNN @BBCWorld @NPR @NewsHour @politico @AP  @ReutersWorld @NBCNews @BBCBreaking @RedeGlobo @sbtjornalismo‚Ä¶,Sun Aug 05 03:33:37 +0000 2018,0.0,0.0,1.0,0.0
@BBCWorld,RT @Where_You_Blong: @kthartic #wewantjusitce #WeWantJustice @BBC @BBCWorld @CNN @cnnbrk @cnni @UNICEF @BuzzFeedNews @nytimes @CBSNews @CBS‚Ä¶,Sun Aug 05 03:33:34 +0000 2018,0.0,0.0,1.0,0.0
@BBCWorld,"@azadamran7 This was so so hard to watch, praying for all. Please help them, what is happening to them isn't right‚Ä¶ https://t.co/8GE2MixUWw",Sun Aug 05 03:33:33 +0000 2018,0.6469,0.271,0.649,0.08
@BBCWorld,RT @SkShohorab: It was a peaceful protest but now situation is worsening. Our Govt. is trying to hide their illegal attack on innocent stud‚Ä¶,Sun Aug 05 03:33:32 +0000 2018,-0.9081,0.138,0.423,0.439
@BBCWorld,RT @cantakemysoul: @parkhaengjin @exoplwnetz @CNN @cnnbrk @UNICEF @unicefbrasil @UNICEFUSA  @UNICEF_uk @NBCNews @BBCBreaking @BBCWorld @BBC‚Ä¶,Sun Aug 05 03:33:32 +0000 2018,0.0,0.0,1.0,0.0
@BBCWorld,RT @jungooteas: Let's help them fam ! Tag @CNN @BBCWorld as much as u can . We won't let all of those Bangladeshi students die without a ju‚Ä¶,Sun Aug 05 03:33:31 +0000 2018,-0.3595,0.093,0.761,0.145
@BBCWorld,RT @jjksmeraldo: @kthartic @yoongirxse @CNN @cnnbrk @UNICEF @NBCNews @BBCBreaking @BBCWorld @BBC @BuzzFeedNews @BuzzFeed @FoxNews @nytimes‚Ä¶,Sun Aug 05 03:33:30 +0000 2018,0.0,0.0,1.0,0.0
@BBCWorld,"#WeDemandJustice
Can you help them. #WeDemandJustice
@CNN @cnnbrk @UNICEF @unicefbrasil @UNICEFUSA  @UNICEF_uk‚Ä¶ https://t.co/0OjNeA66DF",Sun Aug 05 03:33:30 +0000 2018,0.4019,0.184,0.816,0.0
@BBCWorld,RT @morganswitch: @parkhaengjin @CNN @cnnbrk @UNICEF @unicefbrasil @UNICEFUSA  @UNICEF_uk @NBCNews @BBCBreaking @BBCWorld @BBC @BuzzFeedNew‚Ä¶,Sun Aug 05 03:33:29 +0000 2018,0.0,0.0,1.0,0.0
@BBCWorld,"RT @caRMelmochiTae: Please ARMYs help us spread this,Students are dying on the streets,our govt. is killing us..plz RT this and tag all the‚Ä¶",Sun Aug 05 03:33:28 +0000 2018,-0.1027,0.17,0.68,0.15
@BBCWorld,RT @mylifeducks: @parkhaengjin @CNN @BBCWorld @NPR @NewsHour @politico @AP  @ReutersWorld @NBCNews @BBCBreaking @RedeGlobo @sbtjornalismo @‚Ä¶,Sun Aug 05 03:33:28 +0000 2018,0.0,0.0,1.0,0.0
@BBCWorld,RT @dboy_yoongichi: @lukewaltham @BBC @BBCWorld @CNN @AlJazeera @BuzzFeedNews @nytimesworld @nytimes @CBSNews Some Emails of international‚Ä¶,Sun Aug 05 03:33:27 +0000 2018,0.0,0.0,1.0,0.0
@BBCWorld,RT @Geovana51158426: @Eoq_Bangtan A @BBCWorld  tamb√©m n√≥s estamos progredindo n√£o podemos parar #WeWantJustice #WeDemandJustice,Sun Aug 05 03:33:26 +0000 2018,0.0,0.0,1.0,0.0
@BBCWorld,RT @jjksmeraldo: @kthartic @yoongirxse @CNN @cnnbrk @UNICEF @NBCNews @BBCBreaking @BBCWorld @BBC @BuzzFeedNews @BuzzFeed @FoxNews @nytimes‚Ä¶,Sun Aug 05 03:33:26 +0000 2018,0.0,0.0,1.0,0.0
@BBCWorld,"RT @NotGguksBae: ‚ö†Ô∏è‚ö†Ô∏è‚ö†Ô∏è‚ö†Ô∏è‚ö†Ô∏è‚ö†Ô∏è‚ö†Ô∏è‚ö†Ô∏è
Please guys. Just one tweet. One retweet. If you see this hashtags on your timeline please help us. 
This‚Ä¶",Sun Aug 05 03:33:26 +0000 2018,0.743,0.278,0.722,0.0
@BBCWorld,"RT @dboy_yoongichi: @lukewaltham Those kids need protection. We aren't getting help, the police is quiet and helping the oppressors! There‚Ä¶",Sun Aug 05 03:33:25 +0000 2018,-0.09,0.097,0.791,0.112
@BBCWorld,"RT @indigoostrich67: HELP US, PLEASE. #WeWantJustice @CNN @BBCWorld @NPR @NewsHour @politico @AlJazeera @ReutersWorld @AP",Sun Aug 05 03:33:24 +0000 2018,0.7555,0.35,0.65,0.0
@BBCWorld,RT @BBCWorld: These high flyers have set a new world record üôåüèΩ https://t.co/RykFZal61q,Sun Aug 05 03:33:21 +0000 2018,0.0,0.0,1.0,0.0
@BBCWorld,"RT @PirayaManop: #WeDemandJustice
 Please  Help 
#WeDemandJustice
@CNN @cnnbrk @UNICEF @unicefbrasil @UNICEFUSA  @UNICEF_uk @NBCNews @BBCBr‚Ä¶",Sun Aug 05 03:33:21 +0000 2018,0.6124,0.294,0.706,0.0
@BBCWorld,"RT @decipherarmy: @YooniesJungoo .
#WeWantJustice #WeDemandJustice #WeWantJusticeForBangladesh
@CNN @BBCWorld @NPR @NewsHour @politico @AlJ‚Ä¶",Sun Aug 05 03:33:18 +0000 2018,0.0,0.0,1.0,0.0
@BBCWorld,RT @FayetRafi: @ilsanspjm @CNN @BBCWorld @NPR @NewsHour @politico @AlJazeera @ReutersWorld @AP #WeWantJustice,Sun Aug 05 03:33:17 +0000 2018,0.0,0.0,1.0,0.0
@BBCWorld,"RT @JHSKSEOKJ: @CNN @cnnbrk @UNICEF @NBCNews @BBCBreaking @BBCWorld @BBC @BuzzFeedNews @BuzzFeed @FoxNews @nytimes @ABC 

 #WeWantJustice",Sun Aug 05 03:33:17 +0000 2018,0.0,0.0,1.0,0.0
@BBCWorld,"RT @caRMelmochiTae: Please ARMYs help us spread this,Students are dying on the streets,our govt. is killing us..plz RT this and tag all the‚Ä¶",Sun Aug 05 03:33:17 +0000 2018,-0.1027,0.17,0.68,0.15
@BBCWorld,@SreedharAjit @BBCWorld Since the beginning of communist China in 1949.,Sun Aug 05 03:33:12 +0000 2018,0.0,0.0,1.0,0.0
@BBCWorld,"RT @LYWHATLY: WE NEED YOUR HELP. PLEASE HELP US TO LET THE WORLD KNOW WHAT IS GOING ON IN. 
AND WE ARE BADLY IN NEED OF INTERNATIONAL SUPPO‚Ä¶",Sun Aug 05 03:33:10 +0000 2018,0.5574,0.221,0.69,0.089
@BBCWorld,RT @BBCWorld: Bangladesh students attacked during Dhaka protest https://t.co/DvDx9pqqud,Sun Aug 05 03:33:09 +0000 2018,-0.6124,0.0,0.583,0.417
@BBCWorld,"RT @AnisaJuairiah: #WeWantJustice @BBCWorld @BBCBreaking @CNN @cnni @AlJazeera STUDENTS BEING ABDUCTED, KILLED AND RAPED BY GOVT ACTIVISTS.‚Ä¶",Sun Aug 05 03:33:05 +0000 2018,-0.9485,0.0,0.49,0.51
@BBCWorld,"RT @PTIOfficialBWP: In 1997 elections , a journalist asked him. 
Why he didn't win a single seat?
He replied ,
""My supporters are still you‚Ä¶",Sun Aug 05 03:33:04 +0000 2018,-0.0444,0.116,0.761,0.123
@BBCWorld,RT @BBCWorld: Bangladesh students attacked during Dhaka protest https://t.co/DvDx9pqqud,Sun Aug 05 03:33:02 +0000 2018,-0.6124,0.0,0.583,0.417
@BBCWorld,RT @middayminyoongi: International media needs to cover this atrocity at heightened lengths. The lack of coverage on such matters is unacce‚Ä¶,Sun Aug 05 03:33:02 +0000 2018,-0.296,0.049,0.848,0.103
@CBSNews,"RT @RealBillRussell: I hadn't a need until now to say I am proud of @KingJames for following his dream to open ‚ÄúI Promise"" school. Helping‚Ä¶",Sun Aug 05 03:34:57 +0000 2018,0.7506,0.28,0.72,0.0
@CBSNews,@CBSNews Lol 3 doors down again?,Sun Aug 05 03:34:52 +0000 2018,0.4215,0.412,0.588,0.0
@CBSNews,RT @CBSNews: President Trump insults LeBron James on Twitter https://t.co/NyP3WxqvhU https://t.co/k7xcORuTSx,Sun Aug 05 03:34:46 +0000 2018,-0.4215,0.0,0.781,0.219
@CBSNews,"RT @CBSNews: Smith College employee who called police said black student looked ""out of place"" https://t.co/KshstEZZI5 https://t.co/chGLbLe‚Ä¶",Sun Aug 05 03:34:43 +0000 2018,0.0,0.0,1.0,0.0
@CBSNews,"RT @bayougal86: @CBSNews Well her husband, the veteran, did vote for Trump. I guess he got what he deserved.üëçüèΩ",Sun Aug 05 03:34:41 +0000 2018,0.2732,0.11,0.89,0.0
@CBSNews,"RT @RealBillRussell: I hadn't a need until now to say I am proud of @KingJames for following his dream to open ‚ÄúI Promise"" school. Helping‚Ä¶",Sun Aug 05 03:34:37 +0000 2018,0.7506,0.28,0.72,0.0
@CBSNews,"RT @area51F: Black pastor: Trump more pro-black than Obama
     'This president actually wants to prove something to our community'

@CNN @‚Ä¶",Sun Aug 05 03:34:36 +0000 2018,0.0,0.0,1.0,0.0
@CBSNews,@CBSNews It does take a long time to plan an event like this. She is actually starting kind of late. She'll do fine.,Sun Aug 05 03:34:35 +0000 2018,0.5106,0.177,0.823,0.0
@CBSNews,@VBrown13245591 @Coleen721 @CBSNews You have another six and a half years. Get comfortable.,Sun Aug 05 03:34:34 +0000 2018,0.5106,0.231,0.769,0.0
@CBSNews,@CBSNews Lol look at those DSL‚Äôs,Sun Aug 05 03:34:30 +0000 2018,0.4215,0.359,0.641,0.0
@CBSNews,"RT @RealBillRussell: I hadn't a need until now to say I am proud of @KingJames for following his dream to open ‚ÄúI Promise"" school. Helping‚Ä¶",Sun Aug 05 03:34:29 +0000 2018,0.7506,0.28,0.72,0.0
@CBSNews,"RT @RealBillRussell: I hadn't a need until now to say I am proud of @KingJames for following his dream to open ‚ÄúI Promise"" school. Helping‚Ä¶",Sun Aug 05 03:34:28 +0000 2018,0.7506,0.28,0.72,0.0
@CBSNews,"RT @RealBillRussell: I hadn't a need until now to say I am proud of @KingJames for following his dream to open ‚ÄúI Promise"" school. Helping‚Ä¶",Sun Aug 05 03:34:27 +0000 2018,0.7506,0.28,0.72,0.0
@CBSNews,"RT @RealBillRussell: I hadn't a need until now to say I am proud of @KingJames for following his dream to open ‚ÄúI Promise"" school. Helping‚Ä¶",Sun Aug 05 03:34:27 +0000 2018,0.7506,0.28,0.72,0.0
@CBSNews,"RT @CBSNews: World War II-era ""EIRE"" markings revealed by massive fire in Ireland https://t.co/pqZwzieQZD https://t.co/pOHAjMglQv",Sun Aug 05 03:34:22 +0000 2018,-0.743,0.0,0.674,0.326
@CBSNews,@Ay5n6ix @RealBillRussell @KingJames @MSNBC @CNN @NBA @CBSNews Ugh I live in Akron..Its our City tax money.,Sun Aug 05 03:34:17 +0000 2018,-0.4215,0.0,0.833,0.167
@CBSNews,"RT @CBSNews: Wife of former Marine to be deported to Mexico Friday, after 20 years in U.S. https://t.co/pqdbnJoZgv https://t.co/1MQdNRjoID",Sun Aug 05 03:34:13 +0000 2018,0.0,0.0,1.0,0.0
@CBSNews,"RT @CBSNews: Couple rescues man in wheelchair, stranded and alone in the dark https://t.co/hHqNNFdsZI https://t.co/1HOYXssp7d",Sun Aug 05 03:34:06 +0000 2018,0.0772,0.133,0.751,0.116
@CBSNews,"RT @CBSNews: Couple rescues man in wheelchair, stranded and alone in the dark https://t.co/hHqNNFdsZI https://t.co/1HOYXssp7d",Sun Aug 05 03:34:05 +0000 2018,0.0772,0.133,0.751,0.116
@CBSNews,"RT @CBSNews: Couple rescues man in wheelchair, stranded and alone in the dark https://t.co/hHqNNFdsZI https://t.co/1HOYXssp7d",Sun Aug 05 03:34:05 +0000 2018,0.0772,0.133,0.751,0.116
@CBSNews,"RT @r1chh007: Please, please, please @ABC, @CBSNews, @NBCNews, @CNN, @MSNBC just STOP covering trump‚Äôs rallies. For one month, STOP. Send a‚Ä¶",Sun Aug 05 03:34:04 +0000 2018,0.0088,0.24,0.556,0.204
@CBSNews,RT @CBSNews: President Trump insults LeBron James on Twitter https://t.co/NyP3WxqvhU https://t.co/k7xcORuTSx,Sun Aug 05 03:34:02 +0000 2018,-0.4215,0.0,0.781,0.219
@CBSNews,"RT @CBSNews: Couple rescues man in wheelchair, stranded and alone in the dark https://t.co/hHqNNFdsZI https://t.co/1HOYXssp7d",Sun Aug 05 03:34:00 +0000 2018,0.0772,0.133,0.751,0.116
@CBSNews,RT @DurtcheDurtchem: @1776Stonewall @SmokinSam420 Pathetic &amp; disrespectful @CNN @ABC @MSNBC @CBSNews @NBCNews,Sun Aug 05 03:33:59 +0000 2018,-0.5719,0.0,0.748,0.252
@CBSNews,RT @jaeelou7: @parkhaengjin #WeWantJustice  @cnni @cnnbrk @BBCWorld @BBC @AlJazeera @ABC @HuffPost @UNICEF @hrw @BBCBreaking @NBCNews @NBCN‚Ä¶,Sun Aug 05 03:33:58 +0000 2018,0.0,0.0,1.0,0.0
@CBSNews,@CBSNews #MedicareForAll,Sun Aug 05 03:33:57 +0000 2018,0.0,0.0,1.0,0.0
@CBSNews,"RT @_Joons_: ARMY WE CAN GET THIS TO TREND!! Ik we Can 

#WeDemandJustice
#TheyDeserveJustice 

@CNN @BBCWorld @nowthisnews @BuzzFeedNews @‚Ä¶",Sun Aug 05 03:33:55 +0000 2018,0.0,0.0,1.0,0.0
@CBSNews,"RT @RealBillRussell: I hadn't a need until now to say I am proud of @KingJames for following his dream to open ‚ÄúI Promise"" school. Helping‚Ä¶",Sun Aug 05 03:33:53 +0000 2018,0.7506,0.28,0.72,0.0
@CBSNews,"RT @RealBillRussell: I hadn't a need until now to say I am proud of @KingJames for following his dream to open ‚ÄúI Promise"" school. Helping‚Ä¶",Sun Aug 05 03:33:49 +0000 2018,0.7506,0.28,0.72,0.0
@CBSNews,"RT @RealBillRussell: I hadn't a need until now to say I am proud of @KingJames for following his dream to open ‚ÄúI Promise"" school. Helping‚Ä¶",Sun Aug 05 03:33:49 +0000 2018,0.7506,0.28,0.72,0.0
@CBSNews,RT @kimlili15: Where's @UNICEF and other big organisations to help? We don't belong to a rich country so what? We need help as well. The si‚Ä¶,Sun Aug 05 03:33:48 +0000 2018,0.6041,0.247,0.661,0.092
@CBSNews,@CBSNews This has got to stop. The scourge of racism has grown exponentially.,Sun Aug 05 03:33:48 +0000 2018,-0.743,0.0,0.636,0.364
@CBSNews,"RT @RealBillRussell: I hadn't a need until now to say I am proud of @KingJames for following his dream to open ‚ÄúI Promise"" school. Helping‚Ä¶",Sun Aug 05 03:33:47 +0000 2018,0.7506,0.28,0.72,0.0
@CBSNews,"RT @CBSNews: Couple rescues man in wheelchair, stranded and alone in the dark https://t.co/hHqNNFdsZI https://t.co/1HOYXssp7d",Sun Aug 05 03:33:45 +0000 2018,0.0772,0.133,0.751,0.116
@CBSNews,"RT @CBSNews: Couple rescues man in wheelchair, stranded and alone in the dark https://t.co/hHqNNFdsZI https://t.co/1HOYXssp7d",Sun Aug 05 03:33:42 +0000 2018,0.0772,0.133,0.751,0.116
@CBSNews,@BarackObama @CNN @cnni @MSNBC @ABC @NBCNews @CBSNews https://t.co/IP4ddkfARD,Sun Aug 05 03:33:40 +0000 2018,0.0,0.0,1.0,0.0
@CBSNews,"RT @CBSNews: Smith College employee who called police said black student looked ""out of place"" https://t.co/KshstEZZI5 https://t.co/chGLbLe‚Ä¶",Sun Aug 05 03:33:40 +0000 2018,0.0,0.0,1.0,0.0
@CBSNews,"RT @RealBillRussell: I hadn't a need until now to say I am proud of @KingJames for following his dream to open ‚ÄúI Promise"" school. Helping‚Ä¶",Sun Aug 05 03:33:37 +0000 2018,0.7506,0.28,0.72,0.0
@CBSNews,"RT @CBSNews: Tornado slams Webster, Massachusetts as storms march eastward https://t.co/O19hzUBQdZ https://t.co/nO7QkuJEIE",Sun Aug 05 03:33:34 +0000 2018,0.0,0.0,1.0,0.0
@CBSNews,RT @Where_You_Blong: @kthartic #wewantjusitce #WeWantJustice @BBC @BBCWorld @CNN @cnnbrk @cnni @UNICEF @BuzzFeedNews @nytimes @CBSNews @CBS‚Ä¶,Sun Aug 05 03:33:34 +0000 2018,0.0,0.0,1.0,0.0
@CBSNews,@CBSNews Something else is going on here. I'll hold judgement until I learn more.,Sun Aug 05 03:33:31 +0000 2018,0.0,0.0,1.0,0.0
@CBSNews,RT @dboy_yoongichi: @lukewaltham @BBC @BBCWorld @CNN @AlJazeera @BuzzFeedNews @nytimesworld @nytimes @CBSNews Some Emails of international‚Ä¶,Sun Aug 05 03:33:27 +0000 2018,0.0,0.0,1.0,0.0
@CBSNews,"RT @dboy_yoongichi: @lukewaltham Those kids need protection. We aren't getting help, the police is quiet and helping the oppressors! There‚Ä¶",Sun Aug 05 03:33:25 +0000 2018,-0.09,0.097,0.791,0.112
@CBSNews,@FoxNews @ABC @CBSNews @NBCNews @SheriffClarke @DiamondandSilk @DonaldJTrumpJr @FBI wth https://t.co/1klBAPUwBo,Sun Aug 05 03:33:23 +0000 2018,-0.5267,0.0,0.726,0.274
@CBSNews,"RT @RealBillRussell: I hadn't a need until now to say I am proud of @KingJames for following his dream to open ‚ÄúI Promise"" school. Helping‚Ä¶",Sun Aug 05 03:33:19 +0000 2018,0.7506,0.28,0.72,0.0
@CBSNews,@CBSNews Why in the world would the #police even take an unsubstantiated claim like that seriously? It takes litera‚Ä¶ https://t.co/truvo1mDGA,Sun Aug 05 03:33:19 +0000 2018,0.2023,0.113,0.811,0.077
@CBSNews,"RT @RealBillRussell: I hadn't a need until now to say I am proud of @KingJames for following his dream to open ‚ÄúI Promise"" school. Helping‚Ä¶",Sun Aug 05 03:33:19 +0000 2018,0.7506,0.28,0.72,0.0
@CBSNews,@CBSNews The Nazi chorus will sing white Christmas at the White House.,Sun Aug 05 03:33:18 +0000 2018,0.0,0.0,1.0,0.0
@CBSNews,@CBSNews Don't shed one year for them. You belong. Bigots dont,Sun Aug 05 03:33:16 +0000 2018,0.0,0.0,1.0,0.0
@CBSNews,"RT @ggongwer: This should be the first story of every news show, @CNN @ABC @CBSNews @NBCNews @MSNBC!

And stop covering the #DotardRoadShow‚Ä¶",Sun Aug 05 03:33:09 +0000 2018,-0.3595,0.0,0.894,0.106
@CBSNews,@CBSNews This might be why Trump went after Leroy. That and Leroy hates white people. https://t.co/1jUHrq7pbX,Sun Aug 05 03:33:09 +0000 2018,-0.4404,0.0,0.838,0.162
@CBSNews,"Your free airtime helped Trump win &amp; now covering his rally's. Stop with the free air time!
As a voter, I object.‚Ä¶ https://t.co/3nljXtpkp4",Sun Aug 05 03:33:05 +0000 2018,0.8588,0.358,0.569,0.074
@CBSNews,"RT @CBSNews: Smith College employee who called police said black student looked ""out of place"" https://t.co/KshstEZZI5 https://t.co/chGLbLe‚Ä¶",Sun Aug 05 03:33:04 +0000 2018,0.0,0.0,1.0,0.0
@CBSNews,"RT @RealBillRussell: I hadn't a need until now to say I am proud of @KingJames for following his dream to open ‚ÄúI Promise"" school. Helping‚Ä¶",Sun Aug 05 03:32:59 +0000 2018,0.7506,0.28,0.72,0.0
@CBSNews,"Bangladeshi students were abused because of demanding road safety!!.
PLEASE HELP THEM.
THEY NEED MORE MEDIA COVERAG‚Ä¶ https://t.co/tjZvQexBvy",Sun Aug 05 03:32:55 +0000 2018,0.431,0.269,0.533,0.198
@CBSNews,"RT @RealBillRussell: I hadn't a need until now to say I am proud of @KingJames for following his dream to open ‚ÄúI Promise"" school. Helping‚Ä¶",Sun Aug 05 03:32:55 +0000 2018,0.7506,0.28,0.72,0.0
@CBSNews,RT @wingschimchim: @littlegirlshw #WeWantJustice  @cnni @cnnbrk @BBCWorld @BBC @AlJazeera @ABC @HuffPost @UNICEF @hrw @BBCBreaking @NBCNews‚Ä¶,Sun Aug 05 03:32:50 +0000 2018,0.0,0.0,1.0,0.0
@CBSNews,"RT @CBSNews: 11 children found in ""filthy"" New Mexico compound with little food, authorities say https://t.co/KEBSaphqUS https://t.co/qcnOT‚Ä¶",Sun Aug 05 03:32:50 +0000 2018,0.0,0.0,1.0,0.0
@CBSNews,@CBSNews What exactly does ‚Äúlooking out of place‚Äù mean while in a school!!!? Did she ‚Äúlook like‚Äù she didn‚Äôt want to‚Ä¶ https://t.co/xefURfWIHz,Sun Aug 05 03:32:48 +0000 2018,0.2905,0.098,0.902,0.0
@CBSNews,"RT @ggongwer: This should be the first story of every news show, @CNN @ABC @CBSNews @NBCNews @MSNBC!

And stop covering the #DotardRoadShow‚Ä¶",Sun Aug 05 03:32:43 +0000 2018,-0.3595,0.0,0.894,0.106
@CBSNews,RT @Where_You_Blong: @kthartic @BBC @BBCWorld @CNN @cnnbrk @cnni @UNICEF @BuzzFeedNews @nytimes @CBSNews @CBS @CBSEveningNews @CBSThisMorni‚Ä¶,Sun Aug 05 03:32:40 +0000 2018,0.0,0.0,1.0,0.0
@CBSNews,"RT @r1chh007: Please, please, please @ABC, @CBSNews, @NBCNews, @CNN, @MSNBC just STOP covering trump‚Äôs rallies. For one month, STOP. Send a‚Ä¶",Sun Aug 05 03:32:39 +0000 2018,0.0088,0.24,0.556,0.204
@CBSNews,RT @Where_You_Blong: @kthartic #wewantjusitce #WeWantJustice @BBC @BBCWorld @CNN @cnnbrk @cnni @UNICEF @BuzzFeedNews @nytimes @CBSNews @CBS‚Ä¶,Sun Aug 05 03:32:38 +0000 2018,0.0,0.0,1.0,0.0
@CBSNews,"RT @CBSNews: Smith College employee who called police said black student looked ""out of place"" https://t.co/KshstEZZI5 https://t.co/chGLbLe‚Ä¶",Sun Aug 05 03:32:36 +0000 2018,0.0,0.0,1.0,0.0
@CBSNews,@CBSNews Damn shame when will people realize we have black peoples living on this planet üôÑ,Sun Aug 05 03:32:34 +0000 2018,-0.7003,0.0,0.691,0.309
@CBSNews,"RT @RealBillRussell: I hadn't a need until now to say I am proud of @KingJames for following his dream to open ‚ÄúI Promise"" school. Helping‚Ä¶",Sun Aug 05 03:32:33 +0000 2018,0.7506,0.28,0.72,0.0
@CBSNews,"RT @CBSNews: MAKE IT SO: Patrick Stewart will reprise his iconic Picard role in the new ""Star Trek"" series on @cbsallaccess https://t.co/gO‚Ä¶",Sun Aug 05 03:32:31 +0000 2018,0.0,0.0,1.0,0.0
@CBSNews,"RT @r1chh007: Please, please, please @ABC, @CBSNews, @NBCNews, @CNN, @MSNBC just STOP covering trump‚Äôs rallies. For one month, STOP. Send a‚Ä¶",Sun Aug 05 03:32:30 +0000 2018,0.0088,0.24,0.556,0.204
@CBSNews,"RT @CBSNews: World War II-era ""EIRE"" markings revealed by massive fire in Ireland https://t.co/pqZwzieQZD https://t.co/pOHAjMglQv",Sun Aug 05 03:32:29 +0000 2018,-0.743,0.0,0.674,0.326
@CBSNews,"RT @RealBillRussell: I hadn't a need until now to say I am proud of @KingJames for following his dream to open ‚ÄúI Promise"" school. Helping‚Ä¶",Sun Aug 05 03:32:28 +0000 2018,0.7506,0.28,0.72,0.0
@CBSNews,@CBSNews @WaterBillWoman Cruise ships dumping their refuge? WTF? This is too concentrated to not be from a single source.,Sun Aug 05 03:32:25 +0000 2018,-0.8016,0.0,0.69,0.31
@CBSNews,@CBSNews Hang in there sister,Sun Aug 05 03:32:21 +0000 2018,0.0,0.0,1.0,0.0
@CBSNews,@FoxNews @ABC @CBSNews @NBCNews @SheriffClarke @DiamondandSilk @DonaldJTrumpJr riiiight https://t.co/cq67p8Av2m,Sun Aug 05 03:32:18 +0000 2018,0.0,0.0,1.0,0.0
@CBSNews,"RT @RealBillRussell: I hadn't a need until now to say I am proud of @KingJames for following his dream to open ‚ÄúI Promise"" school. Helping‚Ä¶",Sun Aug 05 03:32:17 +0000 2018,0.7506,0.28,0.72,0.0
@CBSNews,"RT @RealBillRussell: I hadn't a need until now to say I am proud of @KingJames for following his dream to open ‚ÄúI Promise"" school. Helping‚Ä¶",Sun Aug 05 03:32:15 +0000 2018,0.7506,0.28,0.72,0.0
@CBSNews,RT @Where_You_Blong: @kthartic @BBC @BBCWorld @CNN @cnnbrk @cnni @UNICEF @BuzzFeedNews @nytimes @CBSNews @CBS @CBSEveningNews @CBSThisMorni‚Ä¶,Sun Aug 05 03:32:12 +0000 2018,0.0,0.0,1.0,0.0
@CBSNews,RT @Where_You_Blong: @kthartic @BBC @BBCWorld @CNN @cnnbrk @cnni @UNICEF @BuzzFeedNews @nytimes @CBSNews @CBS @CBSEveningNews @CBSThisMorni‚Ä¶,Sun Aug 05 03:32:10 +0000 2018,0.0,0.0,1.0,0.0
@CBSNews,RT @Where_You_Blong: @kthartic #wewantjusitce #WeWantJustice @BBC @BBCWorld @CNN @cnnbrk @cnni @UNICEF @BuzzFeedNews @nytimes @CBSNews @CBS‚Ä¶,Sun Aug 05 03:32:08 +0000 2018,0.0,0.0,1.0,0.0
@CBSNews,"RT @CBSNews: Smith College employee who called police said black student looked ""out of place"" https://t.co/KshstEZZI5 https://t.co/chGLbLe‚Ä¶",Sun Aug 05 03:32:06 +0000 2018,0.0,0.0,1.0,0.0
@CBSNews,"RT @r1chh007: Please, please, please @ABC, @CBSNews, @NBCNews, @CNN, @MSNBC just STOP covering trump‚Äôs rallies. For one month, STOP. Send a‚Ä¶",Sun Aug 05 03:32:06 +0000 2018,0.0088,0.24,0.556,0.204
@CBSNews,"RT @r1chh007: Please, please, please @ABC, @CBSNews, @NBCNews, @CNN, @MSNBC just STOP covering trump‚Äôs rallies. For one month, STOP. Send a‚Ä¶",Sun Aug 05 03:32:04 +0000 2018,0.0088,0.24,0.556,0.204
@CBSNews,@1776Stonewall @SmokinSam420 Pathetic &amp; disrespectful @CNN @ABC @MSNBC @CBSNews @NBCNews,Sun Aug 05 03:32:01 +0000 2018,-0.5719,0.0,0.709,0.291
@CBSNews,"RT @RealBillRussell: I hadn't a need until now to say I am proud of @KingJames for following his dream to open ‚ÄúI Promise"" school. Helping‚Ä¶",Sun Aug 05 03:31:55 +0000 2018,0.7506,0.28,0.72,0.0
@CBSNews,"RT @KimDorrob: Why isn't this atrocity being  covered 
@NBCNews @CBSNews @ABC 

#OpDeSanitize https://t.co/ueWuE3Q8nE",Sun Aug 05 03:31:54 +0000 2018,0.0,0.0,1.0,0.0
@CBSNews,"RT @CBSNews: Michael Jordan says ""I support LeBron James"" after Trump insult https://t.co/lClTAzIYFt https://t.co/ocHzoxF0NR",Sun Aug 05 03:31:52 +0000 2018,-0.1531,0.15,0.667,0.183
@CBSNews,"RT @RealBillRussell: I hadn't a need until now to say I am proud of @KingJames for following his dream to open ‚ÄúI Promise"" school. Helping‚Ä¶",Sun Aug 05 03:31:40 +0000 2018,0.7506,0.28,0.72,0.0
@CBSNews,"RT @CBSNews: Smith College employee who called police said black student looked ""out of place"" https://t.co/KshstEZZI5 https://t.co/chGLbLe‚Ä¶",Sun Aug 05 03:31:37 +0000 2018,0.0,0.0,1.0,0.0
@CBSNews,@CBSNews You know why lebron wears glasses? To make himself ‚Äúlook‚Äù smart...didn‚Äôt even get a high school diploma...‚Ä¶ https://t.co/oW3vTMi6tp,Sun Aug 05 03:31:37 +0000 2018,0.0,0.0,1.0,0.0
@CBSNews,"RT @CBSNews: Smith College employee who called police said black student looked ""out of place"" https://t.co/KshstEZZI5 https://t.co/chGLbLe‚Ä¶",Sun Aug 05 03:31:32 +0000 2018,0.0,0.0,1.0,0.0
@CBSNews,"RT @ggongwer: This should be the first story of every news show, @CNN @ABC @CBSNews @NBCNews @MSNBC!

And stop covering the #DotardRoadShow‚Ä¶",Sun Aug 05 03:31:30 +0000 2018,-0.3595,0.0,0.894,0.106
@CBSNews,"RT @CBSNews: MAKE IT SO: Patrick Stewart will reprise his iconic Picard role in the new ""Star Trek"" series on @cbsallaccess https://t.co/gO‚Ä¶",Sun Aug 05 03:31:26 +0000 2018,0.0,0.0,1.0,0.0
@CBSNews,"@TedBuchanan7 @CBSNews ""He said they had learned the residents of the compound ‚Äúwere most likely heavily armed and‚Ä¶ https://t.co/TkXGEGB2jj",Sun Aug 05 03:31:21 +0000 2018,0.0,0.0,1.0,0.0
@CBSNews,RT @taeKTH_bts: Spread the word for humanity @CNN @BBCWorld @nowthisnews @BuzzFeedNews @TheEconomist @FoxNews @AlJazeera_World @NBCNews @AB‚Ä¶,Sun Aug 05 03:31:19 +0000 2018,0.0,0.0,1.0,0.0
@CBSNews,"RT @CBSNews: ""He's an angel"": Atlanta woman says rapper Ludacris paid her $375 grocery bill https://t.co/nPPZR587pB https://t.co/Bth7U6Vabv",Sun Aug 05 03:31:16 +0000 2018,0.0,0.0,1.0,0.0
@CBSNews,RT @maylilly024: @BTS_algeria @BTSCHARTSLAYER @BBCWorld @SkyNews @ABC @NBCNews @CNN @UNICEF @FoxNews @CBSNews @nytimes @washingtonpost @MSN‚Ä¶,Sun Aug 05 03:31:03 +0000 2018,0.0,0.0,1.0,0.0
@CBSNews,RT @ingbrigtsen: I hate to think what Supreme Court and president did about upholding #TravalBan was constitutional! How is that possible A‚Ä¶,Sun Aug 05 03:30:41 +0000 2018,-0.1007,0.135,0.715,0.15
@CBSNews,"RT @RealBillRussell: I hadn't a need until now to say I am proud of @KingJames for following his dream to open ‚ÄúI Promise"" school. Helping‚Ä¶",Sun Aug 05 03:30:35 +0000 2018,0.7506,0.28,0.72,0.0
@CBSNews,"@TedBuchanan7 @CBSNews ""But then, someone inside the compound was able to get a note to the outside world.""

""The m‚Ä¶ https://t.co/xH7Zfq4xKO",Sun Aug 05 03:30:32 +0000 2018,0.0,0.0,1.0,0.0
@CBSNews,"RT @CBSNews: Smith College employee who called police said black student looked ""out of place"" https://t.co/KshstEZZI5 https://t.co/chGLbLe‚Ä¶",Sun Aug 05 03:30:29 +0000 2018,0.0,0.0,1.0,0.0
@CBSNews,"RT @CBSNews: 11 children found in ""filthy"" New Mexico compound with little food, authorities say https://t.co/KEBSaphqUS https://t.co/qcnOT‚Ä¶",Sun Aug 05 03:30:25 +0000 2018,0.0,0.0,1.0,0.0
@CNN,"RT @RealBillRussell: I hadn't a need until now to say I am proud of @KingJames for following his dream to open ‚ÄúI Promise"" school. Helping‚Ä¶",Sun Aug 05 03:34:57 +0000 2018,0.7506,0.28,0.72,0.0
@CNN,"RT @krassenstein: RETWEET if you Support @Acosta and @CNN 

https://t.co/8nvDnAyhop",Sun Aug 05 03:34:57 +0000 2018,0.4019,0.231,0.769,0.0
@CNN,RT @godzyxing: ‚ö†Everyone pls bring awareness to this issue thats happening in Bangladesh innocent students are being killed for wanting saf‚Ä¶,Sun Aug 05 03:34:56 +0000 2018,-0.4215,0.141,0.687,0.172
@CNN,RT @ksjslawyer: report about this you cowards #WeWantJusticeForBangladesh #WeWantJustice #helpbangladeshistudents @CNN @cnnbrk @UNICEF @NBC‚Ä¶,Sun Aug 05 03:34:56 +0000 2018,0.0,0.0,1.0,0.0
@CNN,@di_plora @gspatton007 @CNN @Acosta @POTUS @DOJgov @TheJusticeDept @FBI @PortlandPolice @WhiteHouse @PressSec @realDonaldTrump,Sun Aug 05 03:34:52 +0000 2018,0.0,0.0,1.0,0.0
@CNN,RT @UNeverArmyAlone: @ilsansqueen @ABC @BBC @CBNoficial @Reuters @BBCWorld @BBC @BBCNews @BBCBreaking @cnnbrk @CNN @cnni @CNNPR @AlJazeera‚Ä¶,Sun Aug 05 03:34:52 +0000 2018,0.0,0.0,1.0,0.0
@CNN,"RT @ElderLansing: Steve Scalise was shot, Rand Paul attacked and then had his life and the lives of his family threatened, and other Trump‚Ä¶",Sun Aug 05 03:34:51 +0000 2018,-0.7184,0.0,0.786,0.214
@CNN,"#WeDemandJustice 
‡∏ù‡∏≤‡∏Å‡∏≠‡∏≤‡∏£‡πå‡∏°‡∏µ‡πà‡πÑ‡∏ó‡∏¢‡∏Å‡∏£‡∏∞‡∏à‡∏≤‡∏¢‡∏Ç‡πà‡∏≤‡∏ß‡πÄ‡∏£‡∏∑‡πà‡∏≠‡∏á‡∏ô‡∏µ‡πâ‡∏´‡∏ô‡πà‡∏≠‡∏¢ ‡πÄ‡∏û‡∏£‡∏≤‡∏∞‡πÄ‡∏£‡∏∑‡πà‡∏≠‡∏á‡∏ô‡∏µ‡πâ‡πÄ‡∏õ‡πá‡∏ô‡πÄ‡∏£‡∏∑‡πà‡∏≠‡∏á‡πÉ‡∏´‡∏ç‡πà‡∏ä‡πà‡∏ß‡∏¢‡πÜ‡∏Å‡∏±‡∏ô‡πÄ‡∏ó‡∏£‡∏ô‡∏Å‡∏±‡∏ô‡∏£‡∏µ‡πÄ‡∏¢‡∏≠‡∏∞‡πÜ
@CNN @BBC",Sun Aug 05 03:34:51 +0000 2018,0.0,0.0,1.0,0.0
@CNN,@JudyWhaleCove @MichaelAvenatti @seanhannity @CNN @Acosta Wouldn't that be awesome!!!,Sun Aug 05 03:34:51 +0000 2018,-0.6334,0.0,0.657,0.343
@CNN,RT @urmycocktail: Polices are shooting regardless and killed many students already.4 girls have been raped and 1 is reported to be injured.‚Ä¶,Sun Aug 05 03:34:50 +0000 2018,-0.8779,0.0,0.676,0.324
@CNN,@Tonya14668725 @Acosta I don‚Äôt. @CNN is #FakeNews,Sun Aug 05 03:34:50 +0000 2018,0.0,0.0,1.0,0.0
@CNN,RT @KayaJones: Just because you don‚Äôt report it doesn‚Äôt mean it‚Äôs not news @CNN  clearly you are no longer a news network but rather a joke‚Ä¶,Sun Aug 05 03:34:49 +0000 2018,-0.3025,0.0,0.872,0.128
@CNN,RT @urmycocktail: I am from Bangladesh. And in Bangladesh a protest had been going since July 30 by students of school and colleges. But to‚Ä¶,Sun Aug 05 03:34:48 +0000 2018,-0.25,0.0,0.917,0.083
@CNN,RT @CNN: Melania Trump praised LeBron James for his charity work less than a day after her husband attacked the NBA superstar's intellect i‚Ä¶,Sun Aug 05 03:34:46 +0000 2018,0.7184,0.29,0.613,0.097
@CNN,RT @youngqueentxt: #WeDemandJustice @CNN @cnnbrk @UNICEF @NBCNews @BBCBreaking @BBCWorld @BBC @BuzzFeedNews @BuzzFeed @FoxNews @nytimes @AB‚Ä¶,Sun Aug 05 03:34:45 +0000 2018,0.0,0.0,1.0,0.0
@CNN,"RT @PeteHegseth: Why the #CNNSUCKS chant is an intellectual truth:

1) The people are not stupid
2) New media has ended MSM stranglehold on‚Ä¶",Sun Aug 05 03:34:45 +0000 2018,0.8114,0.285,0.715,0.0
@CNN,"@CNN For anyone who cares, school age kids are getting beaten and raped by police in Bangladesh rn for protesting l‚Ä¶ https://t.co/JdeyR0kL7R",Sun Aug 05 03:34:45 +0000 2018,-0.802,0.096,0.577,0.327
@CNN,RT @CNN: Wells Fargo says hundreds of customers lost their homes because of a computer glitch https://t.co/NjxFpD17G6 https://t.co/BlmIvmWF‚Ä¶,Sun Aug 05 03:34:43 +0000 2018,-0.0772,0.104,0.777,0.119
@CNN,RT @kookminvasion: Everyone needs to know what the situation is in Bangladesh. An anon sent me this. The government and the media has been‚Ä¶,Sun Aug 05 03:34:43 +0000 2018,0.0,0.0,1.0,0.0
@CNN,@CNN so he's talking to Hope Hicks on Air Force One so they can coordinate another statement.  wait for it...  @realDonaldTrump @PressSec,Sun Aug 05 03:34:42 +0000 2018,0.4404,0.121,0.879,0.0
@CNN,"RT @viva99vava: @Exo12Legends Omg i feel want to cry, im not too strong to see their pic. Save them!!
@CNN @cnnbrk",Sun Aug 05 03:34:42 +0000 2018,-0.4378,0.167,0.595,0.238
@CNN,RT @CNN: From free uniforms and transportation to college tuition guaranteed for all graduates. LeBron James takes CNN's Don Lemon on an ex‚Ä¶,Sun Aug 05 03:34:41 +0000 2018,0.5106,0.13,0.87,0.0
@CNN,@lister_lester @CNN Why are you putting a picture of Democrats next to a picture if the Trump family?,Sun Aug 05 03:34:41 +0000 2018,0.0,0.0,1.0,0.0
@CNN,"RT @caRMelmochiTae: Please ARMYs help us spread this,Students are dying on the streets,our govt. is killing us..plz RT this and tag all the‚Ä¶",Sun Aug 05 03:34:40 +0000 2018,-0.1027,0.17,0.68,0.15
@CNN,Did you miss this @cnnbrk @CNN @Acosta? https://t.co/V9FgT0vMVf,Sun Aug 05 03:34:38 +0000 2018,-0.1531,0.0,0.814,0.186
@CNN,"@CNN Communists should be long shots.
Until you catch them.",Sun Aug 05 03:34:38 +0000 2018,0.0,0.0,1.0,0.0
@CNN,"RT @RealBillRussell: I hadn't a need until now to say I am proud of @KingJames for following his dream to open ‚ÄúI Promise"" school. Helping‚Ä¶",Sun Aug 05 03:34:37 +0000 2018,0.7506,0.28,0.72,0.0
@CNN,"RT @area51F: Black pastor: Trump more pro-black than Obama
     'This president actually wants to prove something to our community'

@CNN @‚Ä¶",Sun Aug 05 03:34:36 +0000 2018,0.0,0.0,1.0,0.0
@CNN,"@PeaceARTsouL @peterbakernyt @BretStephensNYT Yes, @CNN @MSNBC - you are partially responsible for us getting stuck‚Ä¶ https://t.co/ABFIT72Atr",Sun Aug 05 03:34:36 +0000 2018,0.6124,0.278,0.722,0.0
@CNN,"@BBC @BBCBreaking @CNN @cnnbrk @thetimes @nytimes @nytimesworld @ABC @abcnews @BuzzFeedNews
#WeDemandJustice‚Ä¶ https://t.co/o19FI0CdRt",Sun Aug 05 03:34:36 +0000 2018,0.0,0.0,1.0,0.0
@CNN,Our climate plans are in pieces as killer summer shreds records @CNN https://t.co/RF5K7yYP3g,Sun Aug 05 03:34:36 +0000 2018,-0.6486,0.0,0.736,0.264
@CNN,"RT @NazifaAnzum5: They are killing Students Brutally 
@BBCWorld @CNN @AlJazeera @FoxNews  
Save them üôèüèª ! Help them 
#WorldNews #bangladesh‚Ä¶",Sun Aug 05 03:34:35 +0000 2018,-0.5848,0.206,0.49,0.304
@CNN,"RT @IXIEEKookie: #ÿ¥ÿßÿπÿ±ŸÉ_ÿßŸÑŸÖŸÅÿ∂ŸÑ
#WeWantJustice 
#WeWantJustice 
#WeWantJustice 
#WeWantJustice 
#WeWantJustice 
üáßüá©üáßüá©üáßüá©üáßüá©üáßüá©üáßüá©üáßüá©
RT AND KEEP T‚Ä¶",Sun Aug 05 03:34:35 +0000 2018,0.0,0.0,1.0,0.0
@CNN,RT @kthartic: Tag international media outlets plz @BBC @CNN,Sun Aug 05 03:34:35 +0000 2018,0.0772,0.14,0.86,0.0
@CNN,"RT @CNN: LeBron James says he thinks the President is using athletics, and athletes, to divide the country -- and that's something he ""can'‚Ä¶",Sun Aug 05 03:34:34 +0000 2018,0.0,0.0,1.0,0.0
@CNN,RT @Bluerubine: @BBCWorld @BBCBreaking @SZ_Intl @SZ_Bayern @dwnews @CNN @UNICEF @UN #WeWantJustice #WeDemandJustice #WeWantJusticeForBangla‚Ä¶,Sun Aug 05 03:34:34 +0000 2018,0.0,0.0,1.0,0.0
@CNN,@RealJamesWoods @KravMagaBigDad @Twitter @CNN @Acosta,Sun Aug 05 03:34:34 +0000 2018,0.0,0.0,1.0,0.0
@CNN,"RT @di_plora: In case you are still afraid because you were ""booed"" amidst shouts of @CNN sucks, @Acosta take a look at what happens to a m‚Ä¶",Sun Aug 05 03:34:33 +0000 2018,-0.3612,0.0,0.906,0.094
@CNN,RT @CNN: President Donald Trump is concerned about whether his son Donald Trump Jr. might have exposure in the special counsel's Russia inv‚Ä¶,Sun Aug 05 03:34:32 +0000 2018,0.4019,0.109,0.891,0.0
@CNN,"RT @amymlcollins: @VeryBusyBrain @thehill I‚Äôm sorry but I disagree. @acosta, @cnn, @RepMaxineWaters, just 2 name a few, have been disrespec‚Ä¶",Sun Aug 05 03:34:31 +0000 2018,-0.5499,0.0,0.767,0.233
@CNN,"RT @CNN: LeBron James says he thinks the President is using athletics, and athletes, to divide the country -- and that's something he ""can'‚Ä¶",Sun Aug 05 03:34:31 +0000 2018,0.0,0.0,1.0,0.0
@CNN,RT @MicheBangtan: A government is supposed to protect its people and listen to them. Not silence them. Please report this news internationa‚Ä¶,Sun Aug 05 03:34:31 +0000 2018,0.5994,0.205,0.795,0.0
@CNN,@svtnotes @CNN @cnnbrk @UNICEF @unicefbrasil @UNICEFUSA  @UNICEF_uk @NBCNews @BBCBreaking @BBCWorld @BBC‚Ä¶ https://t.co/zsb2c9tq5M,Sun Aug 05 03:34:31 +0000 2018,0.0,0.0,1.0,0.0
@CNN,RT @urmycocktail: I am from Bangladesh. And in Bangladesh a protest had been going since July 30 by students of school and colleges. But to‚Ä¶,Sun Aug 05 03:34:30 +0000 2018,-0.25,0.0,0.917,0.083
@CNN,@ElderLansing @POTUS @CNN @NRA Saw 4 or 5 military police vehicles heading down the Eisenhower toward downtown today.,Sun Aug 05 03:34:30 +0000 2018,0.0,0.0,1.0,0.0
@CNN,"RT @di_plora: In case you are still afraid because you were ""booed"" amidst shouts of @CNN sucks, @Acosta take a look at what happens to a m‚Ä¶",Sun Aug 05 03:34:29 +0000 2018,-0.3612,0.0,0.906,0.094
@CNN,"RT @RealBillRussell: I hadn't a need until now to say I am proud of @KingJames for following his dream to open ‚ÄúI Promise"" school. Helping‚Ä¶",Sun Aug 05 03:34:29 +0000 2018,0.7506,0.28,0.72,0.0
@CNN,"RT @caRMelmochiTae: Please ARMYs help us spread this,Students are dying on the streets,our govt. is killing us..plz RT this and tag all the‚Ä¶",Sun Aug 05 03:34:29 +0000 2018,-0.1027,0.17,0.68,0.15
@CNN,"RT @CNN: LeBron James says he thinks the President is using athletics, and athletes, to divide the country -- and that's something he ""can'‚Ä¶",Sun Aug 05 03:34:29 +0000 2018,0.0,0.0,1.0,0.0
@CNN,"RT @RealBillRussell: I hadn't a need until now to say I am proud of @KingJames for following his dream to open ‚ÄúI Promise"" school. Helping‚Ä¶",Sun Aug 05 03:34:28 +0000 2018,0.7506,0.28,0.72,0.0
@CNN,RT @jungooteas: Let's help them fam ! Tag @CNN @BBCWorld as much as u can . We won't let all of those Bangladeshi students die without a ju‚Ä¶,Sun Aug 05 03:34:28 +0000 2018,-0.3595,0.093,0.761,0.145
@CNN,@CNN @cnnbrk @UNICEF @unicefbrasil @UNICEFUSA  @UNICEF_uk @NBCNews @BBCBreaking @BBCWorld @BBC @BuzzFeedNews‚Ä¶ https://t.co/LlkLJd0sWN,Sun Aug 05 03:34:28 +0000 2018,0.0,0.0,1.0,0.0
@CNN,"RT @RealBillRussell: I hadn't a need until now to say I am proud of @KingJames for following his dream to open ‚ÄúI Promise"" school. Helping‚Ä¶",Sun Aug 05 03:34:27 +0000 2018,0.7506,0.28,0.72,0.0
@CNN,"In a town where 51% voted for Trump, one official takes a knee during the Pledge of Allegiance in protest @CNN https://t.co/7qJiM2fgsJ",Sun Aug 05 03:34:27 +0000 2018,-0.25,0.0,0.905,0.095
@CNN,"RT @CNN: LeBron James says he thinks the President is using athletics, and athletes, to divide the country -- and that's something he ""can'‚Ä¶",Sun Aug 05 03:34:27 +0000 2018,0.0,0.0,1.0,0.0
@CNN,"RT @RealBillRussell: I hadn't a need until now to say I am proud of @KingJames for following his dream to open ‚ÄúI Promise"" school. Helping‚Ä¶",Sun Aug 05 03:34:27 +0000 2018,0.7506,0.28,0.72,0.0
@CNN,"RT @caRMelmochiTae: Please ARMYs help us spread this,Students are dying on the streets,our govt. is killing us..plz RT this and tag all the‚Ä¶",Sun Aug 05 03:34:26 +0000 2018,-0.1027,0.17,0.68,0.15
@CNN,"RT @_Aaron_447: Reading @CNN, @USAToday, @washingtonpost and others‚Äô absolute shit coverage of Portland, and it‚Äôs hard not to think they‚Äôre‚Ä¶",Sun Aug 05 03:34:26 +0000 2018,-0.6124,0.0,0.783,0.217
@CNN,@CNN üòÇüòÇüòÇüòÇüòÇüòÇüòÇüòÇüòÇüòÇüòÇüòÇüòÇüòÇüòÇüòÇüòÇüòÇüòÇüòÇüòÇüòÇüòÇüòÇüòÇüòÇüòÇüòÇüòÇüòÇüòÇüòÇüòÇüòÇüòÇüòÇüòÇüòÇüòÇüòÇüòÇüòÇüòÇüòÇüòÇüòÇüòÇüòÇüòÇüòÇüòÇüòÇüòÇüòÇüòÇüòÇüòÇüòÇüòÇüòÇüòÇüòÇüòÇüòÇüòÇüòÇüòÇüòÇüòÇüòÇüòÇüòÇüòÇüòÇüòÇüòÇüòÇüòÇüòÇüòÇüòÇüòÇüòÇüòÇüòÇüòÇüòÇüòÇüòÇüòÇüòÇüòÇüòÇüòÇüòÇüòÇüòÇüòÇüòÇüòÇüòÇüòÇüòÇüòÇüòÇüòÇüòÇüòÇüòÇüòÇüòÇüòÇüòÇüòÇüòÇüòÇüòÇüòÇüòÇüòÇ,Sun Aug 05 03:34:25 +0000 2018,0.0,0.0,1.0,0.0
@CNN,RT @CNN: What you wear on a flight can help save your life https://t.co/jaDkH6xYC4,Sun Aug 05 03:34:24 +0000 2018,0.7096,0.349,0.651,0.0
@CNN,RT @middayminyoongi: The potential for increased news outlets to cover the situation in Bangladesh rises if #WeWantJustice starts trending‚Ä¶,Sun Aug 05 03:34:23 +0000 2018,0.2732,0.104,0.896,0.0
@CNN,@CNN @cnnbrk @UNICEF @NBCNews @BBCBreaking @BBCWorld @BBC @BuzzFeedNews @BuzzFeed @FoxNews @nytimes @ABC‚Ä¶ https://t.co/jz6SqEwNOY,Sun Aug 05 03:34:23 +0000 2018,0.0,0.0,1.0,0.0
@CNN,"RT @adjunctprofessr: üëäThe only flames being stoked are by CNN's April Ryan!
üëäStop making wildly false claims @CNN!
üëäWe know the violence co‚Ä¶",Sun Aug 05 03:34:22 +0000 2018,-0.6892,0.0,0.824,0.176
@CNN,"RT @CNN: LeBron James says he thinks the President is using athletics, and athletes, to divide the country -- and that's something he ""can'‚Ä¶",Sun Aug 05 03:34:22 +0000 2018,0.0,0.0,1.0,0.0
@CNN,"RT @mike_m856: @CNN Might have exposure??

Hey @realDonaldTrump. I can promise you. Jr. is square in the crosshairs of Mueller‚Äôs investigat‚Ä¶",Sun Aug 05 03:34:22 +0000 2018,0.3939,0.123,0.877,0.0
@CNN,"RT @CNN: An Ohio judge ordered a defendant's mouth taped shut during a courtroom hearing, and a media outlet's video caught the scene of an‚Ä¶",Sun Aug 05 03:34:21 +0000 2018,0.0,0.0,1.0,0.0
@CNN,RT @CNN: Opinion: 'Stand your ground' laws encourage racially charged violence | By David Love via @CNNOpinion https://t.co/UEMApk8sxx,Sun Aug 05 03:34:21 +0000 2018,0.3818,0.284,0.492,0.223
@CNN,RT @MayamiTasnia: The govt have started a bloodbath to silence the voice of the youth of Bangladesh. Internet has been slowed down and loca‚Ä¶,Sun Aug 05 03:34:20 +0000 2018,0.0,0.0,1.0,0.0
@CNN,RT @MicheBangtan: A government is supposed to protect its people and listen to them. Not silence them. Please report this news internationa‚Ä¶,Sun Aug 05 03:34:18 +0000 2018,0.5994,0.205,0.795,0.0
@CNN,RT @CNN: President Donald Trump is concerned about whether his son Donald Trump Jr. might have exposure in the special counsel's Russia inv‚Ä¶,Sun Aug 05 03:34:18 +0000 2018,0.4019,0.109,0.891,0.0
@CNN,RT @twetyrafa: We want help @CNN from international media cause our media aren't covering news and they are calling this news as some rumou‚Ä¶,Sun Aug 05 03:34:17 +0000 2018,0.4588,0.154,0.846,0.0
@CNN,@Ay5n6ix @RealBillRussell @KingJames @MSNBC @CNN @NBA @CBSNews Ugh I live in Akron..Its our City tax money.,Sun Aug 05 03:34:17 +0000 2018,-0.4215,0.0,0.833,0.167
@CNN,"RT @jintaellect: *trigger warning*
The situation is really horrible in Bangladesh right now. Internet is being shut down and the media is t‚Ä¶",Sun Aug 05 03:34:15 +0000 2018,-0.5849,0.0,0.853,0.147
@CNN,"RT @ElderLansing: Steve Scalise was shot, Rand Paul attacked and then had his life and the lives of his family threatened, and other Trump‚Ä¶",Sun Aug 05 03:34:14 +0000 2018,-0.7184,0.0,0.786,0.214
@CNN,RT @CNN: President Donald Trump is concerned about whether his son Donald Trump Jr. might have exposure in the special counsel's Russia inv‚Ä¶,Sun Aug 05 03:34:14 +0000 2018,0.4019,0.109,0.891,0.0
@CNN,RT @larrxsun: @CNN @cnnbrk @UNICEF @unicefbrasil @UNICEFUSA  @UNICEF_uk @NBCNews @BBCBreaking @BBCWorld @BBC @BuzzFeedNews @BuzzFeed @FoxNe‚Ä¶,Sun Aug 05 03:34:14 +0000 2018,0.0,0.0,1.0,0.0
@CNN,"RT @FoxAboutTownCAN: @CNN Alright CNN, I'll see your Russian spy and raise you one Chinese spy working in Democratic Senator Feinstein's of‚Ä¶",Sun Aug 05 03:34:14 +0000 2018,0.25,0.087,0.913,0.0
@CNN,"#ÿ¥ÿßÿπÿ±ŸÉ_ÿßŸÑŸÖŸÅÿ∂ŸÑ
#WeDemandJustice
#EndViolence
@UNICEF @UNICEFUSA @unicefbrasil
@CNN @cnnbrk @UNICEF @unicefbrasil‚Ä¶ https://t.co/O0qQg6MCGo",Sun Aug 05 03:34:13 +0000 2018,0.0,0.0,1.0,0.0
@CNN,"‡∏Ç‡∏ô‡∏≤‡∏î‡∏ô‡∏µ‡πâ‡πÄ‡πÄ‡∏•‡πâ‡∏ß‡πÄ‡∏£‡∏≤‡∏ï‡πâ‡∏≠‡∏á‡∏ä‡πà‡∏ß‡∏¢‡∏Å‡∏±‡∏ô‡πÄ‡∏ñ‡∏≠‡∏∞. ‡∏ä‡πà‡∏ß‡∏¢‡πÄ‡∏û‡∏∑‡πà‡∏≠‡∏ô‡∏°‡∏ô‡∏∏‡∏©‡∏¢‡πå‡∏Ç‡∏≠‡∏á‡πÄ‡∏£‡∏≤ 
#WeDemandJustice
@CNN 
@BBC 
@UNICEF 
@BBCWorld https://t.co/BM1iZmPSyR",Sun Aug 05 03:34:13 +0000 2018,0.0,0.0,1.0,0.0
@CNN,"RT @CNN: A flat tire started the deadly Carr Fire and days of devastation in California, officials say https://t.co/a4vWFvc0Do https://t.co‚Ä¶",Sun Aug 05 03:34:13 +0000 2018,-0.6369,0.0,0.766,0.234
@CNN,@CNN Another one bites the dust..,Sun Aug 05 03:34:13 +0000 2018,0.0,0.0,1.0,0.0
@CNN,"RT @krassenstein: RETWEET if you Support @Acosta and @CNN 

https://t.co/8nvDnAyhop",Sun Aug 05 03:34:11 +0000 2018,0.4019,0.231,0.769,0.0
@CNN,@BBCWorld @BBCBreaking @SZ_Intl @SZ_Bayern @dwnews @CNN @UNICEF @UN #WeWantJustice #WeDemandJustice‚Ä¶ https://t.co/xm6iOBZkJ9,Sun Aug 05 03:34:11 +0000 2018,0.0,0.0,1.0,0.0
@CNN,RT @HGNAzul: @parkhaengjin @CNN @cnnbrk @UNICEF @unicefbrasil @UNICEFUSA  @UNICEF_uk @NBCNews @BBCBreaking @BBCWorld @BBC @BuzzFeedNews @Bu‚Ä¶,Sun Aug 05 03:34:10 +0000 2018,0.0,0.0,1.0,0.0
@CNN,"RT @CNN: An Ohio judge ordered a defendant's mouth taped shut during a courtroom hearing, and a media outlet's video caught the scene of an‚Ä¶",Sun Aug 05 03:34:09 +0000 2018,0.0,0.0,1.0,0.0
@CNN,@CNN #FakeNewsCNN  Charity work yes ! But it was LeBron who has been tweeting &amp; dividing for the last 2 years And n‚Ä¶ https://t.co/5zFpWjRDFx,Sun Aug 05 03:34:08 +0000 2018,0.6996,0.225,0.775,0.0
@CNN,RT @jinkiart: @parkhaengjin @CNN @cnnbrk @UNICEF @unicefbrasil @UNICEFUSA  @UNICEF_uk @NBCNews @BBCBreaking @BBCWorld @BBC @g1 @g1mundo  @F‚Ä¶,Sun Aug 05 03:34:08 +0000 2018,0.0,0.0,1.0,0.0
@CNN,RT @Namtan_GNK: ‡πÑ‡∏î‡πâ‡πÇ‡∏õ‡∏£‡∏î‡πÄ‡∏ñ‡∏≠‡∏∞‡∏≠‡∏≤‡∏£‡πå‡∏°‡∏µ‡πà‡∏ä‡πà‡∏ß‡∏¢‡∏û‡∏ß‡∏Å‡πÄ‡∏£‡∏≤‡∏Å‡∏£‡∏∞‡∏à‡∏≤‡∏¢‡∏Ç‡πà‡∏≤‡∏ß‡∏ô‡∏µ‡πâ ‡∏ô‡∏£.‡∏Å‡∏•‡∏∏‡πà‡∏°‡∏ô‡∏µ‡πâ‡∏Å‡∏≥‡∏•‡∏±‡∏á‡∏à‡∏∞‡∏ï‡∏≤‡∏¢‡∏Å‡∏±‡∏ô‡∏´‡∏°‡∏î‡∏à‡∏≤‡∏Å‡πÄ‡∏´‡∏ï‡∏∏‡∏Å‡∏≤‡∏£‡∏ì‡πå‡∏ô‡∏µ‡πâ ‡πÑ‡∏î‡πâ‡πÇ‡∏õ‡∏£‡∏î‡∏ä‡πà‡∏ß‡∏¢‡∏Å‡∏±‡∏ô‡∏£‡∏µ‡∏ó‡∏ß‡∏¥‡∏ï(‡∏ó‡∏ß‡∏¥‡∏ï‡∏î‡πâ‡∏≤‡∏ô‡∏ö‡∏ô‡∏™‡∏∏‡∏î)‡πÅ‡∏•‡∏∞‚Ä¶,Sun Aug 05 03:34:08 +0000 2018,0.0,0.0,1.0,0.0
@CNN,"RT @CNN: ""This looks like a baaaaaaaaaaaaaaad situation."" Dozens of goats invaded a suburb of Boise, Idaho, after walking off the job at a‚Ä¶",Sun Aug 05 03:34:07 +0000 2018,0.3612,0.106,0.894,0.0
@CNN,"#we_want_justice_in_Bangladesh

@CNN
@BBC
@NASDAILY",Sun Aug 05 03:34:07 +0000 2018,0.0,0.0,1.0,0.0
@CNN,RT @CNN: President Donald Trump is concerned about whether his son Donald Trump Jr. might have exposure in the special counsel's Russia inv‚Ä¶,Sun Aug 05 03:34:05 +0000 2018,0.4019,0.109,0.891,0.0
@CNN,"RT @BTae_WSuga: This fandom doesn‚Äôt shy away from these events happening in Bangladesh they advocate for the students. #WeDemandJustice 
@B‚Ä¶",Sun Aug 05 03:34:04 +0000 2018,-0.25,0.0,0.905,0.095
@CNN,"RT @r1chh007: Please, please, please @ABC, @CBSNews, @NBCNews, @CNN, @MSNBC just STOP covering trump‚Äôs rallies. For one month, STOP. Send a‚Ä¶",Sun Aug 05 03:34:04 +0000 2018,0.0088,0.24,0.556,0.204
@CNN,RT @Aphrodi50331641: please kindly help us. student are beaten by bangladesh chatro league(BCL) for doing protest for safe road even our co‚Ä¶,Sun Aug 05 03:34:03 +0000 2018,0.743,0.348,0.502,0.15
@CNN,"RT @dailyunnie: #WeWantJustice 

TRIGGER WARNING

Graphic content warning 
@CNN @BBCWorld https://t.co/4AQdNXwBYD",Sun Aug 05 03:34:03 +0000 2018,-0.6739,0.0,0.619,0.381
@CNN,"@urmycocktail @CNN @BBC Please be safe, IM PRAYING TO ALL OF U GUYS !! STAY SAFE PLS ..",Sun Aug 05 03:34:02 +0000 2018,0.9285,0.55,0.45,0.0
@CNN,@PeteHegseth @CNN Amen and hallelujah! CNN sucks!,Sun Aug 05 03:34:01 +0000 2018,0.4738,0.379,0.414,0.207
@CNN,RT @xflowersnarry: @parkhaengjin @CNN @cnnbrk @UNICEF @unicefbrasil @UNICEFUSA  @UNICEF_uk @NBCNews @BBCBreaking @BBCWorld @BBC @BuzzFeedNe‚Ä¶,Sun Aug 05 03:34:01 +0000 2018,0.0,0.0,1.0,0.0
@CNN,@DKMaraga @RailaOdinga @UKenyatta @Ken_Lusaka @SpeakerJBMuturi @MusaliaMudavadi @skmusyoka @Wetangulam @WhiteHouse‚Ä¶ https://t.co/OKZKRFG07w,Sun Aug 05 03:34:01 +0000 2018,0.0,0.0,1.0,0.0
@CNN,@CNN Locked this M F up.,Sun Aug 05 03:34:00 +0000 2018,0.0,0.0,1.0,0.0
@FoxNews,@UN @BBCWorld @BBCBreaking @CNN @cnnbrk @AJEnglish @FoxNews @VOANews https://t.co/nmg7YB5OZp,Sun Aug 05 03:34:59 +0000 2018,0.0,0.0,1.0,0.0
@FoxNews,"RT @FoxNews: .@Jim_Jordan speaks at rally in Ohio: ""In 18 months, regulations reduced, taxes lowered, Gorsuch on the Court, the economy gro‚Ä¶",Sun Aug 05 03:34:58 +0000 2018,-0.128,0.0,0.933,0.067
@FoxNews,"RT @FoxNews: .@POTUS: ""If I bring the trade deficits down, we could pick up 3 and 4 points in GDP."" https://t.co/Yo572cr316",Sun Aug 05 03:34:58 +0000 2018,0.0,0.0,1.0,0.0
@FoxNews,@UTSA_Roadrunner @JAngelitoo @juan1varona3 @FoxNews @michaeljknowles @CynthiaNixon @TomPerez Oh good grief.,Sun Aug 05 03:34:57 +0000 2018,-0.0772,0.206,0.567,0.227
@FoxNews,"VIDEO: Give me 22 minutes, I'll give you the world trade truth. https://t.co/ONKZqEJSyz  @POTUS @TeamCavuto‚Ä¶ https://t.co/dgHwxBdrAl",Sun Aug 05 03:34:57 +0000 2018,0.3182,0.133,0.867,0.0
@FoxNews,RT @ksjslawyer: report about this you cowards #WeWantJusticeForBangladesh #WeWantJustice #helpbangladeshistudents @CNN @cnnbrk @UNICEF @NBC‚Ä¶,Sun Aug 05 03:34:56 +0000 2018,0.0,0.0,1.0,0.0
@FoxNews,"RT @FoxNews: Trump campaigns for Troy Balderson in Ohio, says rival is a Pelosi puppet and 'a vote for open borders' https://t.co/x1G27iOmEy",Sun Aug 05 03:34:55 +0000 2018,0.0,0.0,1.0,0.0
@FoxNews,@Adrian_Benepe @MelLoloff @realDonaldTrump @FoxNews @RT Shes there because she chooses to be.  She is an icon of qu‚Ä¶ https://t.co/avT3fwKzeC,Sun Aug 05 03:34:54 +0000 2018,0.0,0.0,1.0,0.0
@FoxNews,RT @FoxNews: French baby panda celebrates first birthday bash with cake https://t.co/KdT0UNlTHl,Sun Aug 05 03:34:53 +0000 2018,0.5719,0.252,0.748,0.0
@FoxNews,"RT @FoxNews: Steve Levy: ""Looking at the last year of the Obama administration, we had a very sluggish 1.6% growth rate. Many were saying,‚Ä¶",Sun Aug 05 03:34:52 +0000 2018,-0.0334,0.107,0.782,0.111
@FoxNews,RT @FoxNews: Fox News was just ranked as one of the ‚Äúmost trusted‚Äù TV news brands in the United States. https://t.co/XAxNnaYEHL https://t.c‚Ä¶,Sun Aug 05 03:34:51 +0000 2018,0.4215,0.118,0.882,0.0
@FoxNews,"RT @FoxNews: OPINION: These seven words changed Anthony Hopkins‚Äô life ‚Äì They can change yours, too https://t.co/bzZevahGbU",Sun Aug 05 03:34:51 +0000 2018,0.0,0.0,1.0,0.0
@FoxNews,"RT @FoxNews: .@Scaramucci: ""[President @realDonaldTrump is] the blue collar billionaire president. He's able to tap into their joy, he's ab‚Ä¶",Sun Aug 05 03:34:49 +0000 2018,0.5859,0.167,0.833,0.0
@FoxNews,"@FoxNews @POTUS Man, he's going to be really surprised to learn companies don't want to make things in America beca‚Ä¶ https://t.co/BeeSO5ddzR",Sun Aug 05 03:34:49 +0000 2018,0.2432,0.098,0.848,0.055
@FoxNews,@FoxNews @Jim_Jordan Good job men! Don't pay attention to the leftists pinkos that don't know the facts!,Sun Aug 05 03:34:49 +0000 2018,0.5831,0.242,0.758,0.0
@FoxNews,RT @FoxNews: .@dbongino: ‚ÄúThere are so many empty seats at Thanksgiving from military people and from law enforcement officers who‚Äôve lost‚Ä¶,Sun Aug 05 03:34:48 +0000 2018,-0.2682,0.0,0.906,0.094
@FoxNews,"RT @FoxNews: .@ChristopherHahn: ""It would be an overreach to impeach, unless there's something really there to impeach about. So, the Democ‚Ä¶",Sun Aug 05 03:34:48 +0000 2018,0.0,0.0,1.0,0.0
@FoxNews,"RT @FoxNews: .@Jim_Jordan speaks at rally in Ohio: ""In 18 months, regulations reduced, taxes lowered, Gorsuch on the Court, the economy gro‚Ä¶",Sun Aug 05 03:34:47 +0000 2018,-0.128,0.0,0.933,0.067
@FoxNews,"RT @FoxNews: OPINION: These seven words changed Anthony Hopkins‚Äô life ‚Äì They can change yours, too https://t.co/bzZevahGbU",Sun Aug 05 03:34:46 +0000 2018,0.0,0.0,1.0,0.0
@FoxNews,RT @FreedomUSA4: @Mediaite @JesseBWatters @FoxNews @nytimes So ironic! #SarahJeong https://t.co/bdcH6Hu2q3,Sun Aug 05 03:34:46 +0000 2018,-0.2698,0.0,0.812,0.188
@FoxNews,@khourymurphy5 @MariaBartiromo @JudgeJeanine @FoxNews Lol,Sun Aug 05 03:34:46 +0000 2018,0.4215,0.412,0.588,0.0
@FoxNews,"RT @Kermit_Progress: ANTI-#Trump #ShepardSmith @ShepNewsTeam Not A Favorite Of Viewers At @FoxNews According To The #DailyCaller POLL

Supp‚Ä¶",Sun Aug 05 03:34:45 +0000 2018,0.4588,0.158,0.842,0.0
@FoxNews,"RT @FoxNews: OPINION: These seven words changed Anthony Hopkins‚Äô life ‚Äì They can change yours, too https://t.co/bzZevahGbU",Sun Aug 05 03:34:45 +0000 2018,0.0,0.0,1.0,0.0
@FoxNews,RT @youngqueentxt: #WeDemandJustice @CNN @cnnbrk @UNICEF @NBCNews @BBCBreaking @BBCWorld @BBC @BuzzFeedNews @BuzzFeed @FoxNews @nytimes @AB‚Ä¶,Sun Aug 05 03:34:45 +0000 2018,0.0,0.0,1.0,0.0
@FoxNews,RT @FoxNews: John Lennon's assassin's wife reveals she knew of plot to murder the Beatles star https://t.co/JMdmvXRTHo,Sun Aug 05 03:34:45 +0000 2018,-0.6908,0.0,0.773,0.227
@FoxNews,RT @MalihaHaider3: #WeWantJustice Please help us. We are very helpless our isn't doing anything please please help us. Many girls are being‚Ä¶,Sun Aug 05 03:34:45 +0000 2018,0.1238,0.249,0.518,0.233
@FoxNews,"RT @FoxNews: Cau Vang, or ‚ÄúGolden Bridge,‚Äù features two larger-than-life hands holding up a pedestrian pathway. It was created to evoke the‚Ä¶",Sun Aug 05 03:34:44 +0000 2018,0.25,0.091,0.909,0.0
@FoxNews,"RT @FoxNews: .@Jim_Jordan speaks at rally in Ohio: ""In 18 months, regulations reduced, taxes lowered, Gorsuch on the Court, the economy gro‚Ä¶",Sun Aug 05 03:34:44 +0000 2018,-0.128,0.0,0.933,0.067
@FoxNews,@UNICEF @BuzzFeedNews @NECN @ABC @FoxNews @cnnbrk pls help us #WeWantJustice,Sun Aug 05 03:34:43 +0000 2018,0.4588,0.333,0.667,0.0
@FoxNews,@MAJBobby @logicnreason1 @FoxNews @RudyGiuliani @Comey @POTUS Who did the fact check? Can't trust everything on the‚Ä¶ https://t.co/gX4BmFgWDF,Sun Aug 05 03:34:42 +0000 2018,-0.4023,0.0,0.856,0.144
@FoxNews,RT @FoxNews: Second quarter GDP - 4.1%. https://t.co/LsHVHLVpLY https://t.co/AcKux7hk4M,Sun Aug 05 03:34:42 +0000 2018,0.0,0.0,1.0,0.0
@FoxNews,RT @FoxNews: California girl says 'hero' postal worker rescued her from world of sex trafficking https://t.co/x3Agpe8GAN,Sun Aug 05 03:34:42 +0000 2018,0.4215,0.157,0.843,0.0
@FoxNews,@WattersWorld @FoxNews captioning @realDonaldTrump More Elite ‚ÄúThen‚Äù Me. @BetsyDeVosED needs to make grammar Great Again!,Sun Aug 05 03:34:41 +0000 2018,0.6588,0.239,0.761,0.0
@FoxNews,"@Dawn_Treloar @FoxNews @michaeljknowles @CynthiaNixon @TomPerez 1. Medicare for all actually costs less, $32.6 tril‚Ä¶ https://t.co/LDPfLeTIH5",Sun Aug 05 03:34:41 +0000 2018,0.0,0.0,1.0,0.0
@FoxNews,"RT @JohnJamesMI: WATCH &amp; RETWEET: Thank you President Trump and Vice President Pence for the support! MICHIGAN, I am asking for your vote o‚Ä¶",Sun Aug 05 03:34:40 +0000 2018,0.6696,0.207,0.793,0.0
@FoxNews,"RT @FoxNews: .@SenSchumer: ""We will not rest until Brett Kavanaugh is defeated and the American people win."" https://t.co/2eP4o2KFLP",Sun Aug 05 03:34:38 +0000 2018,-0.4767,0.0,0.846,0.154
@FoxNews,@shaggy2time @rdhesselbrock @FoxNews @POTUS I don't care what he sells or where he gets it.. so long as he does his‚Ä¶ https://t.co/Otn0JHSUkB,Sun Aug 05 03:34:37 +0000 2018,-0.3875,0.0,0.884,0.116
@FoxNews,@FoxNews @Scaramucci @POTUS @JudgeJeanine Wow -ABSOLUTELY AMAZING THE NUMBER OF LIBERALS ON HERE WHO WATCH FOX NEWS!!!,Sun Aug 05 03:34:37 +0000 2018,0.9348,0.485,0.515,0.0
@FoxNews,"RT @FoxNews: .@Scaramucci on @POTUS at Ohio rally: ""This is something, frankly, that other presidents don't do, is get out on the campaign‚Ä¶",Sun Aug 05 03:34:36 +0000 2018,0.0,0.0,1.0,0.0
@FoxNews,"RT @NazifaAnzum5: They are killing Students Brutally 
@BBCWorld @CNN @AlJazeera @FoxNews  
Save them üôèüèª ! Help them 
#WorldNews #bangladesh‚Ä¶",Sun Aug 05 03:34:35 +0000 2018,-0.5848,0.206,0.49,0.304
@FoxNews,RT @AndyBou2: @FoxNews  https://t.co/x2bWKUbRD3,Sun Aug 05 03:34:35 +0000 2018,0.0,0.0,1.0,0.0
@FoxNews,"RT @AIIAmericanGirI: Trump campaigns for Troy Balderson in Ohio, says rival is a Pelosi puppet and 'a vote for open borders' https://t.co/p‚Ä¶",Sun Aug 05 03:34:35 +0000 2018,0.0,0.0,1.0,0.0
@FoxNews,@BruthaDee @FoxNews anti trump sindrom is one hes well,Sun Aug 05 03:34:35 +0000 2018,-0.0516,0.184,0.614,0.202
@FoxNews,RT @Bahram_Gooor: The resistance continues in GowharDasht #Karaj at these moments. Protesters are defending themselves by throwing stones a‚Ä¶,Sun Aug 05 03:34:34 +0000 2018,-0.2263,0.0,0.905,0.095
@FoxNews,"RT @FoxNews: .@Jim_Jordan speaks at rally in Ohio: ""In 18 months, regulations reduced, taxes lowered, Gorsuch on the Court, the economy gro‚Ä¶",Sun Aug 05 03:34:34 +0000 2018,-0.128,0.0,0.933,0.067
@FoxNews,RT @FoxNews: OPINION: In silly San Francisco disease-ridden needles are A-OK but a plastic cocktail stirrer will soon be illegal https://t.‚Ä¶,Sun Aug 05 03:34:33 +0000 2018,-0.705,0.044,0.752,0.205
@FoxNews,"RT @FoxNews: .@Scaramucci on @POTUS at Ohio rally: ""This is something, frankly, that other presidents don't do, is get out on the campaign‚Ä¶",Sun Aug 05 03:34:33 +0000 2018,0.0,0.0,1.0,0.0
@FoxNews,"In the end, you did it @FoxNews.  With out you, I can't even imagine.  Thank you.",Sun Aug 05 03:34:32 +0000 2018,-0.2755,0.0,0.869,0.131
@FoxNews,@FoxNews @charliekirk11 @JudgeJeanine Bullshit!!! I can‚Äôt that dog face ‚Äújudge‚Äù is agreeing. Your station bitch abo‚Ä¶ https://t.co/CqOqXGTS64,Sun Aug 05 03:34:32 +0000 2018,-0.795,0.101,0.544,0.355
@FoxNews,"RT @TomFitton: Obama FBI met with Clinton-DNC/Fusion GPS Dossier ""author"" Steele 13 times during campaign! Paid this anti-@RealDonaldTrump‚Ä¶",Sun Aug 05 03:34:32 +0000 2018,0.0,0.0,1.0,0.0
@FoxNews,@FoxNews Pretty soon we‚Äôll reach orbit we‚Äôll reach orbit,Sun Aug 05 03:34:31 +0000 2018,0.5267,0.474,0.526,0.0
@FoxNews,@svtnotes @CNN @cnnbrk @UNICEF @unicefbrasil @UNICEFUSA  @UNICEF_uk @NBCNews @BBCBreaking @BBCWorld @BBC‚Ä¶ https://t.co/zsb2c9tq5M,Sun Aug 05 03:34:31 +0000 2018,0.0,0.0,1.0,0.0
@FoxNews,"RT @FoxNews: .@Scaramucci on @POTUS at Ohio rally: ""This is something, frankly, that other presidents don't do, is get out on the campaign‚Ä¶",Sun Aug 05 03:34:30 +0000 2018,0.0,0.0,1.0,0.0
@FoxNews,@TheFrankieC @FoxNews @Scaramucci @JudgeJeanine Obamacare was a disaster!,Sun Aug 05 03:34:30 +0000 2018,-0.6588,0.0,0.577,0.423
@FoxNews,@FoxNews What what. Are these Trumps large hands? He is known for his large manly hands!!!,Sun Aug 05 03:34:30 +0000 2018,0.0,0.0,1.0,0.0
@FoxNews,@FoxNews  https://t.co/x2bWKUbRD3,Sun Aug 05 03:34:29 +0000 2018,0.0,0.0,1.0,0.0
@FoxNews,"@FoxNews @SenSchumer Damn right! The GOP denied Merrick Garland, Dems should deny a fake treasonous 45 from a wease‚Ä¶ https://t.co/58KzXcqeFp",Sun Aug 05 03:34:29 +0000 2018,-0.9336,0.0,0.463,0.537
@FoxNews,"RT @FoxNews: .@charliekirk11: ""We as conservatives‚Äî we remain loyal and patriotic no matter who is president of the United States."" @JudgeJ‚Ä¶",Sun Aug 05 03:34:28 +0000 2018,0.5859,0.267,0.649,0.084
@FoxNews,@CNN @cnnbrk @UNICEF @unicefbrasil @UNICEFUSA  @UNICEF_uk @NBCNews @BBCBreaking @BBCWorld @BBC @BuzzFeedNews‚Ä¶ https://t.co/LlkLJd0sWN,Sun Aug 05 03:34:28 +0000 2018,0.0,0.0,1.0,0.0
@FoxNews,"RT @FoxNews: .@Jim_Jordan speaks at rally in Ohio: ""In 18 months, regulations reduced, taxes lowered, Gorsuch on the Court, the economy gro‚Ä¶",Sun Aug 05 03:34:26 +0000 2018,-0.128,0.0,0.933,0.067
@FoxNews,"RT @FoxNews: .@Jim_Jordan speaks at rally in Ohio: ""In 18 months, regulations reduced, taxes lowered, Gorsuch on the Court, the economy gro‚Ä¶",Sun Aug 05 03:34:25 +0000 2018,-0.128,0.0,0.933,0.067
@FoxNews,@KristySwansonXO @PlanetTyrus @GregGutfeldShow @AndrewBreitbart @greggutfeld @KatTimpf @SebGorka @FoxNews Kristi yo‚Ä¶ https://t.co/jZL5uppBzl,Sun Aug 05 03:34:24 +0000 2018,0.0,0.0,1.0,0.0
@FoxNews,Ummm yeah @FoxNews @seanhannity @TuckerCarlson @JudgeJeanine @AnnCoulter @TomiLahren @GOP @RNC @SpeakerRyan‚Ä¶ https://t.co/vwmkDGsjRy,Sun Aug 05 03:34:24 +0000 2018,0.296,0.167,0.833,0.0
@FoxNews,"RT @FoxNews: .@POTUS: ""More Americans are now employed than ever recorded before in our nation's history."" https://t.co/omvyaxr2zy",Sun Aug 05 03:34:24 +0000 2018,0.0,0.0,1.0,0.0
@FoxNews,@DesignationSix @EliseoG05034857 @FoxNews @MyCascade @officedepot @OfficeMax @NewDayUSA @eHarmony @Nestle @Purina‚Ä¶ https://t.co/lnTw9acvEj,Sun Aug 05 03:34:24 +0000 2018,0.0,0.0,1.0,0.0
@FoxNews,"RT @FoxNews: .@Scaramucci on @POTUS at Ohio rally: ""This is something, frankly, that other presidents don't do, is get out on the campaign‚Ä¶",Sun Aug 05 03:34:24 +0000 2018,0.0,0.0,1.0,0.0
@FoxNews,@CNN @cnnbrk @UNICEF @NBCNews @BBCBreaking @BBCWorld @BBC @BuzzFeedNews @BuzzFeed @FoxNews @nytimes @ABC‚Ä¶ https://t.co/jz6SqEwNOY,Sun Aug 05 03:34:23 +0000 2018,0.0,0.0,1.0,0.0
@FoxNews,RT @TonyBrunoShow: @FoxNews too bad we didn't activate the #SpaceForce for an intercept!,Sun Aug 05 03:34:22 +0000 2018,-0.5848,0.0,0.76,0.24
@FoxNews,@FoxNews @Jim_Jordan #GymJordan - are some of the kidnapped kids chained up in your basement?,Sun Aug 05 03:34:22 +0000 2018,0.0,0.0,1.0,0.0
@FoxNews,"@FoxNews Go ahead, Warren, waste your time &amp; money.",Sun Aug 05 03:34:21 +0000 2018,-0.4215,0.0,0.741,0.259
@FoxNews,"RT @FoxNews: Trump campaigns for Troy Balderson in Ohio, says rival is a Pelosi puppet and 'a vote for open borders' https://t.co/x1G27iOmEy",Sun Aug 05 03:34:21 +0000 2018,0.0,0.0,1.0,0.0
@FoxNews,"RT @FoxNews: .@POTUS: ""Jobs are pouring back into our country... Those companies that left, they want to come back. This is where the actio‚Ä¶",Sun Aug 05 03:34:20 +0000 2018,0.0772,0.053,0.947,0.0
@FoxNews,@FoxNews @LLLolly Bullshit.,Sun Aug 05 03:34:19 +0000 2018,-0.5859,0.0,0.345,0.655
@FoxNews,"RT @TomFitton: Obama FBI met with Clinton-DNC/Fusion GPS Dossier ""author"" Steele 13 times during campaign! Paid this anti-@RealDonaldTrump‚Ä¶",Sun Aug 05 03:34:18 +0000 2018,0.0,0.0,1.0,0.0
@FoxNews,@Shawn_King1977 @FoxNews Follow the money trail.,Sun Aug 05 03:34:17 +0000 2018,0.0,0.0,1.0,0.0
@FoxNews,RT @sanrous2: @gladysperez805 @mlaboy15 @CidEloisa @Jhennilou44 @boinaverdeyulin @BebaDril7 @jibaritapr38 @McFarland69Will @PanAmPost_es @a‚Ä¶,Sun Aug 05 03:34:16 +0000 2018,0.0,0.0,1.0,0.0
@FoxNews,RT @larrxsun: @CNN @cnnbrk @UNICEF @unicefbrasil @UNICEFUSA  @UNICEF_uk @NBCNews @BBCBreaking @BBCWorld @BBC @BuzzFeedNews @BuzzFeed @FoxNe‚Ä¶,Sun Aug 05 03:34:14 +0000 2018,0.0,0.0,1.0,0.0
@FoxNews,"#ÿ¥ÿßÿπÿ±ŸÉ_ÿßŸÑŸÖŸÅÿ∂ŸÑ
#WeDemandJustice
#EndViolence
@UNICEF @UNICEFUSA @unicefbrasil
@CNN @cnnbrk @UNICEF @unicefbrasil‚Ä¶ https://t.co/O0qQg6MCGo",Sun Aug 05 03:34:13 +0000 2018,0.0,0.0,1.0,0.0
@FoxNews,RT @FoxNews: Fox News was just ranked as one of the ‚Äúmost trusted‚Äù TV news brands in the United States. https://t.co/XAxNnaYEHL https://t.c‚Ä¶,Sun Aug 05 03:34:13 +0000 2018,0.4215,0.118,0.882,0.0
@FoxNews,RT @realDonaldTrump: July is just the ninth month since 1970 that unemployment has fallen below 4%. Our economy has added 3.7 million jobs‚Ä¶,Sun Aug 05 03:34:13 +0000 2018,-0.6597,0.0,0.795,0.205
@FoxNews,"RT @FoxNews: .@POTUS: ""Instead of apologizing for America, we are standing up for America. We are standing up for the heroes who protect ou‚Ä¶",Sun Aug 05 03:34:12 +0000 2018,0.6808,0.209,0.745,0.046
@FoxNews,@FoxNews is white supremacist https://t.co/tczP0XELgU,Sun Aug 05 03:34:11 +0000 2018,0.128,0.273,0.727,0.0
@FoxNews,"RT @FoxNews: Rhino rams, pursues SUV at Mexican safari park https://t.co/rkvfTrThWH",Sun Aug 05 03:34:11 +0000 2018,0.0,0.0,1.0,0.0
@FoxNews,RT @HGNAzul: @parkhaengjin @CNN @cnnbrk @UNICEF @unicefbrasil @UNICEFUSA  @UNICEF_uk @NBCNews @BBCBreaking @BBCWorld @BBC @BuzzFeedNews @Bu‚Ä¶,Sun Aug 05 03:34:10 +0000 2018,0.0,0.0,1.0,0.0
@FoxNews,"@FoxNews https://t.co/F24rS01Mkw 
UFC 227 LIVE 
follow me for more updates like this.
not the best quality but still you can watch it!",Sun Aug 05 03:34:10 +0000 2018,-0.1498,0.078,0.821,0.102
@FoxNews,"RT @FoxNews: Thomas Homan: ""2,000 child predators are sitting in prison because of ICE. 981,000 pounds of narcotics were taken off the stre‚Ä¶",Sun Aug 05 03:34:09 +0000 2018,-0.5106,0.0,0.87,0.13
@FoxNews,"@FoxNews @charliekirk11 @JudgeJeanine Eff both of them. Each are propagandists. 

John Trump is a traitor. 

They s‚Ä¶ https://t.co/FpoyhnmiK4",Sun Aug 05 03:34:08 +0000 2018,0.0,0.0,1.0,0.0
@FoxNews,"RT @TomFitton: Obama FBI met with Clinton-DNC/Fusion GPS Dossier ""author"" Steele 13 times during campaign! Paid this anti-@RealDonaldTrump‚Ä¶",Sun Aug 05 03:34:08 +0000 2018,0.0,0.0,1.0,0.0
@FoxNews,RT @jinkiart: @parkhaengjin @CNN @cnnbrk @UNICEF @unicefbrasil @UNICEFUSA  @UNICEF_uk @NBCNews @BBCBreaking @BBCWorld @BBC @g1 @g1mundo  @F‚Ä¶,Sun Aug 05 03:34:08 +0000 2018,0.0,0.0,1.0,0.0
@FoxNews,RT @DesignationSix: The sponsors of @FoxNews are the enemies of the people. I have some of them tagged here so they will be notified for ev‚Ä¶,Sun Aug 05 03:34:07 +0000 2018,-0.4939,0.0,0.882,0.118
@FoxNews,"RT @PaulColby2: @FoxNews @POTUS A) There is no war, technology has moved on. B) There is no clean coal.",Sun Aug 05 03:34:05 +0000 2018,-0.6808,0.104,0.577,0.319
@FoxNews,RT @AndyBou2: @FoxNews  https://t.co/hpWvalfGEo,Sun Aug 05 03:34:05 +0000 2018,0.0,0.0,1.0,0.0
@FoxNews,RT @Aphrodi50331641: please kindly help us. student are beaten by bangladesh chatro league(BCL) for doing protest for safe road even our co‚Ä¶,Sun Aug 05 03:34:03 +0000 2018,0.743,0.348,0.502,0.15
@FoxNews,"RT @FoxNews: OPINION: These seven words changed Anthony Hopkins‚Äô life ‚Äì They can change yours, too https://t.co/bzZevahGbU",Sun Aug 05 03:34:03 +0000 2018,0.0,0.0,1.0,0.0
@FoxNews,"Oklahoma plane crash victims were from Kansas, authorities say https://t.co/LNM2OH3wCp @FoxNews #AAG",Sun Aug 05 03:34:03 +0000 2018,-0.6124,0.0,0.667,0.333
@FoxNews,"RT @FoxNews: OPINION: These seven words changed Anthony Hopkins‚Äô life ‚Äì They can change yours, too https://t.co/bzZevahGbU",Sun Aug 05 03:34:02 +0000 2018,0.0,0.0,1.0,0.0
@FoxNews,"RT @FoxNews: OPINION: These seven words changed Anthony Hopkins‚Äô life ‚Äì They can change yours, too https://t.co/bzZevahGbU",Sun Aug 05 03:34:02 +0000 2018,0.0,0.0,1.0,0.0
@FoxNews,"RT @FoxNews: .@POTUS on midterm elections: ""I think it could be a red wave."" https://t.co/JqJh0X5SLL",Sun Aug 05 03:34:02 +0000 2018,0.0,0.0,1.0,0.0
@FoxNews,RT @xflowersnarry: @parkhaengjin @CNN @cnnbrk @UNICEF @unicefbrasil @UNICEFUSA  @UNICEF_uk @NBCNews @BBCBreaking @BBCWorld @BBC @BuzzFeedNe‚Ä¶,Sun Aug 05 03:34:01 +0000 2018,0.0,0.0,1.0,0.0
@FoxNews,"RT @FoxNews: .@Jim_Jordan speaks at rally in Ohio: ""In 18 months, regulations reduced, taxes lowered, Gorsuch on the Court, the economy gro‚Ä¶",Sun Aug 05 03:34:01 +0000 2018,-0.128,0.0,0.933,0.067
@nytimes,@carolgrillito @p_chavero @rabascallcarlos @MashiRafael @hreyesaguinaga @verenahitner @RutaKritica @EzequielOS1‚Ä¶ https://t.co/g2LAjw2swN,Sun Aug 05 03:35:00 +0000 2018,0.0,0.0,1.0,0.0
@nytimes,"RT @nytimes: The Flint water crisis ‚Äúis the story of a government poisoning its own citizens, and then lying about it,‚Äù a doctor writes in‚Ä¶",Sun Aug 05 03:35:00 +0000 2018,-0.9062,0.0,0.639,0.361
@nytimes,"RT @MatthewBetley: Just read some of the horrible, racist, vile things she‚Äôs said. Why in God‚Äôs name the @nytimes would hire this person is‚Ä¶",Sun Aug 05 03:35:00 +0000 2018,-0.9118,0.0,0.644,0.356
@nytimes,RT @nytimes: The fight for the one-piece swimsuit emoji https://t.co/S3eRqunXA5,Sun Aug 05 03:34:57 +0000 2018,-0.3818,0.0,0.776,0.224
@nytimes,RT @godzyxing: ‚ö†Everyone pls bring awareness to this issue thats happening in Bangladesh innocent students are being killed for wanting saf‚Ä¶,Sun Aug 05 03:34:56 +0000 2018,-0.4215,0.141,0.687,0.172
@nytimes,RT @ksjslawyer: report about this you cowards #WeWantJusticeForBangladesh #WeWantJustice #helpbangladeshistudents @CNN @cnnbrk @UNICEF @NBC‚Ä¶,Sun Aug 05 03:34:56 +0000 2018,0.0,0.0,1.0,0.0
@nytimes,"RT @RealCandaceO: No matter which way you slice it, @sarahjeong is a racist. It is ABHORRENT that the failing @nytimes has decided to stand‚Ä¶",Sun Aug 05 03:34:56 +0000 2018,-0.9353,0.033,0.538,0.429
@nytimes,@RealJamesWoods @nytimes  https://t.co/pgnodOCq3L,Sun Aug 05 03:34:54 +0000 2018,0.0,0.0,1.0,0.0
@nytimes,"RT @RealCandaceO: No matter which way you slice it, @sarahjeong is a racist. It is ABHORRENT that the failing @nytimes has decided to stand‚Ä¶",Sun Aug 05 03:34:53 +0000 2018,-0.9353,0.033,0.538,0.429
@nytimes,"RT @RonColeman: @antoniatoombs @buckner_e @Cernovich @nytimes Posturing. She ""hates the police"" in order to be down with the cause.‚úä

When‚Ä¶",Sun Aug 05 03:34:53 +0000 2018,-0.4404,0.0,0.868,0.132
@nytimes,"RT @LadyThriller69: Dear @nytimes 

I am black and I want you to stop dividing me from whites 

Thank you.",Sun Aug 05 03:34:52 +0000 2018,0.4939,0.296,0.602,0.102
@nytimes,@carolgrillito @p_chavero @rabascallcarlos @MashiRafael @hreyesaguinaga @verenahitner @RutaKritica @EzequielOS1‚Ä¶ https://t.co/hcXybBigZc,Sun Aug 05 03:34:51 +0000 2018,0.0,0.0,1.0,0.0
@nytimes,@nytimes gk jadi im swim nya duit nya gk cukup mereka sulit banget pun memberi apalah salah nya memberi upah tambah‚Ä¶ https://t.co/4Q4BSqAIlO,Sun Aug 05 03:34:50 +0000 2018,0.0,0.0,1.0,0.0
@nytimes,"RT @Jillibean557: This is what a real racist looks like. @nytimes hired her. 

 https://t.co/aJm6QAGOvv",Sun Aug 05 03:34:49 +0000 2018,-0.3612,0.143,0.629,0.229
@nytimes,"RT @nytimes: Tours and tastings at olive oil estates and wineries are a popular part of any trip to Italy, but why visit for only an hour o‚Ä¶",Sun Aug 05 03:34:48 +0000 2018,0.2263,0.068,0.932,0.0
@nytimes,"RT @realDonaldTrump: Congratulations to Gregg Jarrett on his book, ‚ÄúTHE RUSSIA HOAX, THE ILLICIT SCHEME TO CLEAR HILLARY CLINTON AND FRAME‚Ä¶",Sun Aug 05 03:34:48 +0000 2018,0.6597,0.258,0.641,0.101
@nytimes,RT @FreedomUSA4: @Mediaite @JesseBWatters @FoxNews @nytimes So ironic! #SarahJeong https://t.co/bdcH6Hu2q3,Sun Aug 05 03:34:46 +0000 2018,-0.2698,0.0,0.812,0.188
@nytimes,RT @joeydonut322: @nytimes I as a white male refuse to read any thing from the #nytimes as long as you employ people who are racist towards‚Ä¶,Sun Aug 05 03:34:46 +0000 2018,-0.7351,0.0,0.78,0.22
@nytimes,RT @youngqueentxt: #WeDemandJustice @CNN @cnnbrk @UNICEF @NBCNews @BBCBreaking @BBCWorld @BBC @BuzzFeedNews @BuzzFeed @FoxNews @nytimes @AB‚Ä¶,Sun Aug 05 03:34:45 +0000 2018,0.0,0.0,1.0,0.0
@nytimes,"RT @RealKyleMorris: Sarah Jeong, @nytimes‚Äôs latest hire, says a lot of things suck because everything revolves around how ‚Äúwhite men see th‚Ä¶",Sun Aug 05 03:34:44 +0000 2018,-0.4404,0.0,0.873,0.127
@nytimes,RT @RealCandaceO: Black people are only fit to live underground like groveling goblins. They have stopped breeding and will all go extinct‚Ä¶,Sun Aug 05 03:34:44 +0000 2018,0.4767,0.193,0.734,0.073
@nytimes,RT @lbrot1: #LiberalPrivilege #LiberalHypocrisy #WalkAway @nytimes https://t.co/v50fEDIkra,Sun Aug 05 03:34:42 +0000 2018,0.0,0.0,1.0,0.0
@nytimes,"RT @Jillibean557: This is what a real racist looks like. @nytimes hired her. 

 https://t.co/aJm6QAGOvv",Sun Aug 05 03:34:40 +0000 2018,-0.3612,0.143,0.629,0.229
@nytimes,RT @RealJamesWoods: Here she is! @nytimes   https://t.co/yPIOf0qF1T,Sun Aug 05 03:34:39 +0000 2018,0.0,0.0,1.0,0.0
@nytimes,"RT @FlanaganNJTV: From @nytimes: ""In his 1956 speech denouncing Stalin‚Äôs cult of personality, Stalin's successor Nikita Khrushchev called f‚Ä¶",Sun Aug 05 03:34:37 +0000 2018,0.2263,0.095,0.905,0.0
@nytimes,"@a_degeatano @GlennFord775 @larryelder @nytimes @sarahjeong @Twitter This was 2014, Twitter‚Äôs shadowbanning algorit‚Ä¶ https://t.co/zqyvski9zH",Sun Aug 05 03:34:37 +0000 2018,0.0,0.0,1.0,0.0
@nytimes,"@BBC @BBCBreaking @CNN @cnnbrk @thetimes @nytimes @nytimesworld @ABC @abcnews @BuzzFeedNews
#WeDemandJustice‚Ä¶ https://t.co/o19FI0CdRt",Sun Aug 05 03:34:36 +0000 2018,0.0,0.0,1.0,0.0
@nytimes,@heavensdoorwsky @nytimes Never mind! Cheers! But where is it? üò≥üíû,Sun Aug 05 03:34:36 +0000 2018,0.5696,0.29,0.71,0.0
@nytimes,"RT @michaelmalice: .@sarahjeong is simply more explicit than @nytimes . The evangelical left, whose creation myth is the civil rights movem‚Ä¶",Sun Aug 05 03:34:33 +0000 2018,0.2732,0.1,0.9,0.0
@nytimes,"RT @BesiktasliEge: One of Turkey's leading political scientists, @Mumtazer T√ºrk√∂ne, is in the 738th day of his arrest. Early in July 2018,‚Ä¶",Sun Aug 05 03:34:32 +0000 2018,-0.34,0.0,0.897,0.103
@nytimes,"RT @nytimes: The Flint water crisis ‚Äúis the story of a government poisoning its own citizens, and then lying about it,‚Äù a doctor writes in‚Ä¶",Sun Aug 05 03:34:31 +0000 2018,-0.9062,0.0,0.639,0.361
@nytimes,@svtnotes @CNN @cnnbrk @UNICEF @unicefbrasil @UNICEFUSA  @UNICEF_uk @NBCNews @BBCBreaking @BBCWorld @BBC‚Ä¶ https://t.co/zsb2c9tq5M,Sun Aug 05 03:34:31 +0000 2018,0.0,0.0,1.0,0.0
@nytimes,@RealCandaceO @sarahjeong @nytimes  https://t.co/cuGlLuoAUE,Sun Aug 05 03:34:30 +0000 2018,0.0,0.0,1.0,0.0
@nytimes,#CNN @MSNBC #FOXNEW @NYTIMES https://t.co/TaIKbqbBlS,Sun Aug 05 03:34:30 +0000 2018,0.0,0.0,1.0,0.0
@nytimes,@CNN @cnnbrk @UNICEF @unicefbrasil @UNICEFUSA  @UNICEF_uk @NBCNews @BBCBreaking @BBCWorld @BBC @BuzzFeedNews‚Ä¶ https://t.co/LlkLJd0sWN,Sun Aug 05 03:34:28 +0000 2018,0.0,0.0,1.0,0.0
@nytimes,RT @RealCandaceO: Jewish people are bullshit... like dogs pissing on fire hydrants. #cancelJewishpeople. Are Jewish people genetically disp‚Ä¶,Sun Aug 05 03:34:28 +0000 2018,-0.3818,0.111,0.664,0.226
@nytimes,RT @RealJamesWoods: Here she is! @nytimes   https://t.co/yPIOf0qF1T,Sun Aug 05 03:34:27 +0000 2018,0.0,0.0,1.0,0.0
@nytimes,@nytimes Do I look Chinese?,Sun Aug 05 03:34:27 +0000 2018,0.0,0.0,1.0,0.0
@nytimes,RT @RealCandaceO: Black people are only fit to live underground like groveling goblins. They have stopped breeding and will all go extinct‚Ä¶,Sun Aug 05 03:34:25 +0000 2018,0.4767,0.193,0.734,0.073
@nytimes,RT @ShiftyPaul: @RealJamesWoods @nytimes  https://t.co/2xXfjjNCUV,Sun Aug 05 03:34:24 +0000 2018,0.0,0.0,1.0,0.0
@nytimes,@CNN @cnnbrk @UNICEF @NBCNews @BBCBreaking @BBCWorld @BBC @BuzzFeedNews @BuzzFeed @FoxNews @nytimes @ABC‚Ä¶ https://t.co/jz6SqEwNOY,Sun Aug 05 03:34:23 +0000 2018,0.0,0.0,1.0,0.0
@nytimes,@nytimes What a joke,Sun Aug 05 03:34:22 +0000 2018,0.296,0.524,0.476,0.0
@nytimes,"@yashar @sarahjeong So under @nytimes rules, if uou're a MINORITY IS COOL, A-OK to be racist, not only that, THEY W‚Ä¶ https://t.co/AvCZ08AV7U",Sun Aug 05 03:34:20 +0000 2018,-0.2422,0.117,0.73,0.154
@nytimes,"RT @nytimes: The Flint water crisis ‚Äúis the story of a government poisoning its own citizens, and then lying about it,‚Äù a doctor writes in‚Ä¶",Sun Aug 05 03:34:20 +0000 2018,-0.9062,0.0,0.639,0.361
@nytimes,"RT @RealCandaceO: No matter which way you slice it, @sarahjeong is a racist. It is ABHORRENT that the failing @nytimes has decided to stand‚Ä¶",Sun Aug 05 03:34:19 +0000 2018,-0.9353,0.033,0.538,0.429
@nytimes,RT @RealCandaceO: Black people are only fit to live underground like groveling goblins. They have stopped breeding and will all go extinct‚Ä¶,Sun Aug 05 03:34:18 +0000 2018,0.4767,0.193,0.734,0.073
@nytimes,RT @RealJamesWoods: This is high comedy. Noisy little #racist bit the hand that now feeds her for a few years. You gotta love those archive‚Ä¶,Sun Aug 05 03:34:18 +0000 2018,0.8481,0.313,0.633,0.054
@nytimes,"@realDonaldTrump @nytimes Your presidency is the hoax and you are the witch, Trump.",Sun Aug 05 03:34:16 +0000 2018,-0.5574,0.0,0.705,0.295
@nytimes,"RT @GeoffRBennett: A must-read @nytimes story on the disturbing signs of trauma -- anxiety, introversion, regression -- seen among the chil‚Ä¶",Sun Aug 05 03:34:15 +0000 2018,-0.7783,0.0,0.685,0.315
@nytimes,"RT @MidkiffJoan: @lovetogive2 @ninaandtito @ballerinaoaf @TriciaNC1 @Telegraph @heraldleader @nytimes It is always just so fucking insane,‚Ä¶",Sun Aug 05 03:34:14 +0000 2018,0.0,0.0,1.0,0.0
@nytimes,"@AkosScott @linda_the_dem @DanRather @MittRomney @nytimes No, you are just lying entirely about what happened. Tagg‚Ä¶ https://t.co/fDTcjWlDai",Sun Aug 05 03:34:14 +0000 2018,-0.6808,0.0,0.714,0.286
@nytimes,RT @larrxsun: @CNN @cnnbrk @UNICEF @unicefbrasil @UNICEFUSA  @UNICEF_uk @NBCNews @BBCBreaking @BBCWorld @BBC @BuzzFeedNews @BuzzFeed @FoxNe‚Ä¶,Sun Aug 05 03:34:14 +0000 2018,0.0,0.0,1.0,0.0
@nytimes,"#ÿ¥ÿßÿπÿ±ŸÉ_ÿßŸÑŸÖŸÅÿ∂ŸÑ
#WeDemandJustice
#EndViolence
@UNICEF @UNICEFUSA @unicefbrasil
@CNN @cnnbrk @UNICEF @unicefbrasil‚Ä¶ https://t.co/O0qQg6MCGo",Sun Aug 05 03:34:13 +0000 2018,0.0,0.0,1.0,0.0
@nytimes,RT @nytimes: Amazon Removes Products Featuring Nazi Symbols https://t.co/ejQo8RkJbM,Sun Aug 05 03:34:13 +0000 2018,0.1779,0.175,0.825,0.0
@nytimes,RT @RealJamesWoods: At least @Twitter got something right. Sad the same thing can‚Äôt be said about the @nytimes. Honestly can the publisher‚Ä¶,Sun Aug 05 03:34:13 +0000 2018,-0.0258,0.115,0.766,0.119
@nytimes,RT @RealCandaceO: Black people are only fit to live underground like groveling goblins. They have stopped breeding and will all go extinct‚Ä¶,Sun Aug 05 03:34:12 +0000 2018,0.4767,0.193,0.734,0.073
@nytimes,"RT @realDonaldTrump: Congratulations to Gregg Jarrett on his book, ‚ÄúTHE RUSSIA HOAX, THE ILLICIT SCHEME TO CLEAR HILLARY CLINTON AND FRAME‚Ä¶",Sun Aug 05 03:34:12 +0000 2018,0.6597,0.258,0.641,0.101
@nytimes,"RT @nytimes: The Flint water crisis ‚Äúis the story of a government poisoning its own citizens, and then lying about it,‚Äù a doctor writes in‚Ä¶",Sun Aug 05 03:34:11 +0000 2018,-0.9062,0.0,0.639,0.361
@nytimes,"@Jillibean557 @nytimes How the fuck would that dumb bitch know how white men see the world, when she isnt a white m‚Ä¶ https://t.co/SjSXXKaMnA",Sun Aug 05 03:34:10 +0000 2018,-0.891,0.0,0.642,0.358
@nytimes,RT @HGNAzul: @parkhaengjin @CNN @cnnbrk @UNICEF @unicefbrasil @UNICEFUSA  @UNICEF_uk @NBCNews @BBCBreaking @BBCWorld @BBC @BuzzFeedNews @Bu‚Ä¶,Sun Aug 05 03:34:10 +0000 2018,0.0,0.0,1.0,0.0
@nytimes,@Derrotas_D @Estadao @Ezequiasns @nytimes Eliminar um criminoso sem recupera√ß√£o n√£o √© errado,Sun Aug 05 03:34:10 +0000 2018,0.0,0.0,1.0,0.0
@nytimes,RT @RealJamesWoods: This is high comedy. Noisy little #racist bit the hand that now feeds her for a few years. You gotta love those archive‚Ä¶,Sun Aug 05 03:34:09 +0000 2018,0.8481,0.313,0.633,0.054
@nytimes,@nytimes @_Picassoy üëÄüî•,Sun Aug 05 03:34:09 +0000 2018,0.0,0.0,1.0,0.0
@nytimes,@nytimes I remember for awhile every time I opened the Amazon page this was the banner across the top... oddly no o‚Ä¶ https://t.co/dGAzqRiZ51,Sun Aug 05 03:34:09 +0000 2018,-0.128,0.074,0.83,0.096
@nytimes,"RT @RealCandaceO: No matter which way you slice it, @sarahjeong is a racist. It is ABHORRENT that the failing @nytimes has decided to stand‚Ä¶",Sun Aug 05 03:34:09 +0000 2018,-0.9353,0.033,0.538,0.429
@nytimes,RT @jinkiart: @parkhaengjin @CNN @cnnbrk @UNICEF @unicefbrasil @UNICEFUSA  @UNICEF_uk @NBCNews @BBCBreaking @BBCWorld @BBC @g1 @g1mundo  @F‚Ä¶,Sun Aug 05 03:34:08 +0000 2018,0.0,0.0,1.0,0.0
@nytimes,"RT @Jillibean557: This is what a real racist looks like. @nytimes hired her. 

 https://t.co/aJm6QAGOvv",Sun Aug 05 03:34:07 +0000 2018,-0.3612,0.143,0.629,0.229
@nytimes,RT @1bonytoad: @lovetogive2 @ballerinaoaf @ninaandtito @TriciaNC1 @Telegraph @heraldleader @nytimes There you go Russia!  Now all we need t‚Ä¶,Sun Aug 05 03:34:07 +0000 2018,0.0,0.0,1.0,0.0
@nytimes,RT @nytimes: This buttery almond cake with lemon curd baked inside is like the ultimate citrus tart https://t.co/6aRoszp6FH https://t.co/xa‚Ä¶,Sun Aug 05 03:34:07 +0000 2018,0.3612,0.122,0.878,0.0
@nytimes,"RT @Jillibean557: This is what a real racist looks like. @nytimes hired her. 

 https://t.co/aJm6QAGOvv",Sun Aug 05 03:34:06 +0000 2018,-0.3612,0.143,0.629,0.229
@nytimes,"RT @usminority: The @nytimes celebrated Roseanne losing her job after her ‚Äúracist‚Äù tweet, but hires an actual racist &amp;defends her. Why? Bec‚Ä¶",Sun Aug 05 03:34:06 +0000 2018,-0.714,0.082,0.663,0.255
@nytimes,"@nytimes #fakenews
#maga
#QAnon 
#EatTheCentipedes",Sun Aug 05 03:34:05 +0000 2018,0.0,0.0,1.0,0.0
@nytimes,"RT @nytimes: The Flint water crisis ‚Äúis the story of a government poisoning its own citizens, and then lying about it,‚Äù a doctor writes in‚Ä¶",Sun Aug 05 03:34:04 +0000 2018,-0.9062,0.0,0.639,0.361
@nytimes,"RT @lovetogive2: @ballerinaoaf @ninaandtito @TriciaNC1 @Telegraph @heraldleader @nytimes ""files provided by #Rove ‚Äôs #AmericanCrossroads vo‚Ä¶",Sun Aug 05 03:34:02 +0000 2018,0.0,0.0,1.0,0.0
@nytimes,RT @xflowersnarry: @parkhaengjin @CNN @cnnbrk @UNICEF @unicefbrasil @UNICEFUSA  @UNICEF_uk @NBCNews @BBCBreaking @BBCWorld @BBC @BuzzFeedNe‚Ä¶,Sun Aug 05 03:34:01 +0000 2018,0.0,0.0,1.0,0.0
@nytimes,RT @mermaidteears: @parkhaengjin @CNN @cnnbrk @UNICEF @unicefbrasil @UNICEFUSA  @UNICEF_uk @NBCNews @BBCBreaking @BBCWorld @BBC @BuzzFeedNe‚Ä¶,Sun Aug 05 03:34:00 +0000 2018,0.0,0.0,1.0,0.0
@nytimes,RT @RealJamesWoods: Here she is! @nytimes   https://t.co/yPIOf0qF1T,Sun Aug 05 03:33:59 +0000 2018,0.0,0.0,1.0,0.0
@nytimes,"RT @nytimes: Tours and tastings at olive oil estates and wineries are a popular part of any trip to Italy, but why visit for only an hour o‚Ä¶",Sun Aug 05 03:33:59 +0000 2018,0.2263,0.068,0.932,0.0
@nytimes,@RespectableLaw @eg_holm @RealCandaceO @nytimes @sarahjeong Finally one I'm familiar with,Sun Aug 05 03:33:58 +0000 2018,0.0,0.0,1.0,0.0
@nytimes,RT @nytimes: Amazon Removes Products Featuring Nazi Symbols https://t.co/ejQo8RkJbM,Sun Aug 05 03:33:58 +0000 2018,0.1779,0.175,0.825,0.0
@nytimes,RT @RealCandaceO: Jewish people are bullshit... like dogs pissing on fire hydrants. #cancelJewishpeople. Are Jewish people genetically disp‚Ä¶,Sun Aug 05 03:33:57 +0000 2018,-0.3818,0.111,0.664,0.226
@nytimes,RT @RealCandaceO: Black people are only fit to live underground like groveling goblins. They have stopped breeding and will all go extinct‚Ä¶,Sun Aug 05 03:33:57 +0000 2018,0.4767,0.193,0.734,0.073
@nytimes,"RT @lovetogive2: @ballerinaoaf @ninaandtito @TriciaNC1 @Telegraph @heraldleader @nytimes ""Funding from #Koch also propelled data co known a‚Ä¶",Sun Aug 05 03:33:56 +0000 2018,0.0,0.0,1.0,0.0
@nytimes,RT @BetteMidler: This is what the horrible Donald Trump has led us to: Trump Will Have Blood on His Hands   via @NYTimes https://t.co/NEMNj‚Ä¶,Sun Aug 05 03:33:55 +0000 2018,-0.5423,0.0,0.863,0.137
@nytimes,RT @chiwllax: @parkhaengjin @CNN @cnnbrk @UNICEF @unicefbrasil @UNICEFUSA  @UNICEF_uk @NBCNews @BBCBreaking @BBCWorld @BBC @g1 @g1mundo  @F‚Ä¶,Sun Aug 05 03:33:54 +0000 2018,0.0,0.0,1.0,0.0
@nytimes,RT @boymeetsxevil: @CNN @cnnbrk @UNICEF @unicefbrasil @UNICEFUSA  @UNICEF_uk @NBCNews @BBCBreaking @BBCWorld @BBC @BuzzFeedNews @BuzzFeed @‚Ä¶,Sun Aug 05 03:33:53 +0000 2018,0.0,0.0,1.0,0.0
@nytimes,"RT @RealCandaceO: No matter which way you slice it, @sarahjeong is a racist. It is ABHORRENT that the failing @nytimes has decided to stand‚Ä¶",Sun Aug 05 03:33:52 +0000 2018,-0.9353,0.033,0.538,0.429
@nytimes,RT @BalancedHeads: @NYTimesPR @sarahjeong This isn't going away. The double standard with @sarahjeong hiring by @nytimes is shameful. Her c‚Ä¶,Sun Aug 05 03:33:52 +0000 2018,-0.4939,0.0,0.856,0.144
@nytimes,RT @RealCandaceO: Black people are only fit to live underground like groveling goblins. They have stopped breeding and will all go extinct‚Ä¶,Sun Aug 05 03:33:51 +0000 2018,0.4767,0.193,0.734,0.073
@nytimes,@nytimes Jeff Bezoz replaces Nazi symbols with Amazon logos.,Sun Aug 05 03:33:50 +0000 2018,0.1779,0.175,0.825,0.0
@nytimes,"RT @nytimes: The Flint water crisis ‚Äúis the story of a government poisoning its own citizens, and then lying about it,‚Äù a doctor writes in‚Ä¶",Sun Aug 05 03:33:49 +0000 2018,-0.9062,0.0,0.639,0.361
@nytimes,RT @matcatkatbro: @HLAurora63 @grizzlemeister @therealroseanne Hopefully @nytimes will wake up to the idiot they hired. Here she tweets abo‚Ä¶,Sun Aug 05 03:33:48 +0000 2018,-0.1531,0.117,0.739,0.143
@nytimes,RT @RealCandaceO: Black people are only fit to live underground like groveling goblins. They have stopped breeding and will all go extinct‚Ä¶,Sun Aug 05 03:33:48 +0000 2018,0.4767,0.193,0.734,0.073
@nytimes,"RT @QuinnBx: This self admitted Lesbian is a misandrist, a hater of men; white, black, brown, yellow or green. She‚Äôs no better than a misog‚Ä¶",Sun Aug 05 03:33:47 +0000 2018,-0.1779,0.158,0.659,0.183
@nytimes,"RT @TheOnionBTS: When governments fail their constituents, it is up to the people to speak up.

When the people are silenced, the responsib‚Ä¶",Sun Aug 05 03:33:46 +0000 2018,-0.5423,0.0,0.863,0.137
@nytimes,"@nytimes We've officially run out of things to bitch about...

üëôüëôüëôüëôüëôüëô",Sun Aug 05 03:33:46 +0000 2018,-0.5859,0.0,0.725,0.275
@nytimes,"https://t.co/MaqfPdi1Vg
@RealJamesWoods @nytimes @POTUS @realDonaldTrump",Sun Aug 05 03:33:46 +0000 2018,0.0,0.0,1.0,0.0
@nytimes,@nytimes the battle to end all battles,Sun Aug 05 03:33:45 +0000 2018,-0.6369,0.0,0.49,0.51
@nytimes,"RT @RonColeman: @Cernovich The fact that they hired her is just more corroboration of what we've known for years. 

Pressure on the Times w‚Ä¶",Sun Aug 05 03:33:45 +0000 2018,-0.296,0.0,0.913,0.087
@nytimes,"RT @JHSKSEOKJ: @CNN @cnnbrk @UNICEF @NBCNews @BBCBreaking @BBCWorld @BBC @BuzzFeedNews @BuzzFeed @FoxNews @nytimes @ABC 

 #WeWantJustice",Sun Aug 05 03:33:44 +0000 2018,0.0,0.0,1.0,0.0
